OpenTime,Open,High,Low,Close,Volume
2026-04-02 00:00:00,2140.35,2140.41,2138.48,2139.17,145.5495
2026-04-02 00:01:00,2139.18,2140.65,2139.18,2140.34,92.23
2026-04-02 00:02:00,2140.34,2140.34,2137.0,2137.91,369.5901
2026-04-02 00:03:00,2137.86,2138.19,2136.09,2137.32,388.2574
2026-04-02 00:04:00,2137.32,2141.17,2137.32,2138.88,175.5614
2026-04-02 00:05:00,2138.87,2139.12,2137.62,2139.07,62.34
2026-04-02 00:06:00,2139.06,2140.96,2138.26,2139.11,130.4199
2026-04-02 00:07:00,2139.11,2139.75,2137.88,2138.88,167.3797
2026-04-02 00:08:00,2138.88,2139.92,2138.54,2139.33,162.3158
2026-04-02 00:09:00,2139.32,2139.89,2138.29,2139.12,119.7074
2026-04-02 00:10:00,2139.13,2141.81,2139.12,2139.44,280.4303
2026-04-02 00:11:00,2139.44,2140.59,2138.49,2138.85,87.7803
2026-04-02 00:12:00,2138.85,2139.02,2137.5,2137.77,141.9379
2026-04-02 00:13:00,2137.77,2141.22,2137.77,2140.88,84.6923
2026-04-02 00:14:00,2140.87,2141.22,2139.79,2140.17,97.7004
2026-04-02 00:15:00,2140.17,2140.2,2138.71,2139.13,125.014
2026-04-02 00:16:00,2139.12,2139.93,2138.56,2139.93,47.6937
2026-04-02 00:17:00,2139.92,2139.92,2137.0,2137.74,226.4559
2026-04-02 00:18:00,2137.75,2142.58,2137.74,2141.04,155.7229
2026-04-02 00:19:00,2141.04,2141.04,2139.41,2141.0,125.5868
2026-04-02 00:20:00,2141.0,2142.58,2140.3,2142.57,229.4412
2026-04-02 00:21:00,2142.58,2143.15,2139.6,2139.61,134.0685
2026-04-02 00:22:00,2139.6,2141.21,2138.95,2140.83,75.0295
2026-04-02 00:23:00,2140.82,2141.21,2137.8,2137.81,123.371
2026-04-02 00:24:00,2137.81,2139.84,2137.66,2139.09,98.0038
2026-04-02 00:25:00,2139.08,2140.39,2138.79,2140.16,152.6826
2026-04-02 00:26:00,2140.16,2140.96,2139.1,2139.21,37.9431
2026-04-02 00:27:00,2139.22,2139.77,2139.03,2139.31,53.9224
2026-04-02 00:28:00,2139.31,2139.37,2138.57,2138.57,30.131
2026-04-02 00:29:00,2138.58,2138.58,2138.31,2138.32,32.6106
2026-04-02 00:30:00,2138.32,2138.44,2137.82,2138.27,74.3346
2026-04-02 00:31:00,2138.28,2139.28,2137.64,2138.3,61.3918
2026-04-02 00:32:00,2138.31,2139.12,2138.21,2138.44,57.6773
2026-04-02 00:33:00,2138.45,2139.57,2138.44,2139.09,100.8269
2026-04-02 00:34:00,2139.1,2140.95,2139.1,2140.29,170.271
2026-04-02 00:35:00,2140.29,2140.77,2140.13,2140.4,32.5164
2026-04-02 00:36:00,2140.42,2140.61,2139.16,2139.35,154.3672
2026-04-02 00:37:00,2139.35,2141.17,2139.29,2141.17,88.7083
2026-04-02 00:38:00,2141.17,2141.45,2140.38,2140.64,158.4049
2026-04-02 00:39:00,2140.64,2148.9,2140.64,2148.53,1298.21
2026-04-02 00:40:00,2148.53,2153.19,2147.4,2152.79,963.7935
2026-04-02 00:41:00,2152.8,2157.21,2151.6,2154.74,722.7589
2026-04-02 00:42:00,2154.73,2154.73,2151.05,2151.77,326.4836
2026-04-02 00:43:00,2151.77,2151.77,2150.35,2151.76,233.6039
2026-04-02 00:44:00,2151.77,2154.12,2151.77,2153.93,298.605
2026-04-02 00:45:00,2153.92,2157.01,2150.0,2150.19,601.8823
2026-04-02 00:46:00,2150.22,2152.53,2150.22,2152.19,235.1479
2026-04-02 00:47:00,2152.2,2153.75,2151.57,2151.57,174.9013
2026-04-02 00:48:00,2151.57,2151.69,2150.05,2151.68,149.1086
2026-04-02 00:49:00,2151.69,2152.1,2151.17,2151.99,91.0467
2026-04-02 00:50:00,2151.99,2152.71,2151.8,2152.19,98.1514
2026-04-02 00:51:00,2152.19,2152.19,2150.52,2150.85,248.5585
2026-04-02 00:52:00,2150.85,2151.46,2150.36,2151.45,60.154
2026-04-02 00:53:00,2151.46,2156.93,2151.46,2156.93,147.6425
2026-04-02 00:54:00,2156.93,2158.07,2155.31,2157.77,535.1675
2026-04-02 00:55:00,2157.77,2157.77,2155.25,2155.6,145.0732
2026-04-02 00:56:00,2155.59,2157.4,2155.49,2157.4,72.3013
2026-04-02 00:57:00,2157.39,2159.37,2157.39,2158.58,301.1683
2026-04-02 00:58:00,2158.58,2158.59,2156.26,2157.32,334.8165
2026-04-02 00:59:00,2157.31,2157.31,2156.12,2156.14,151.7223
2026-04-02 01:00:00,2156.14,2156.15,2147.36,2148.87,804.216
2026-04-02 01:01:00,2148.87,2148.89,2143.45,2145.19,767.7101
2026-04-02 01:02:00,2145.19,2147.53,2145.19,2145.52,339.3341
2026-04-02 01:03:00,2145.52,2147.11,2135.52,2140.66,1760.6443
2026-04-02 01:04:00,2140.66,2142.0,2133.54,2135.25,1087.4841
2026-04-02 01:05:00,2135.26,2135.26,2121.16,2125.04,5011.2154
2026-04-02 01:06:00,2125.03,2130.18,2124.36,2126.45,1502.9032
2026-04-02 01:07:00,2126.47,2133.77,2126.41,2133.74,659.8399
2026-04-02 01:08:00,2133.74,2149.85,2133.14,2143.33,2518.3281
2026-04-02 01:09:00,2143.34,2147.33,2143.23,2146.32,566.5456
2026-04-02 01:10:00,2146.32,2152.28,2146.32,2150.25,531.3803
2026-04-02 01:11:00,2150.24,2155.5,2145.12,2147.04,1349.5904
2026-04-02 01:12:00,2147.03,2147.03,2139.78,2140.15,863.2446
2026-04-02 01:13:00,2140.15,2144.22,2140.0,2140.07,296.6148
2026-04-02 01:14:00,2140.07,2141.98,2139.51,2140.74,185.9111
2026-04-02 01:15:00,2140.73,2140.74,2131.66,2131.91,932.3384
2026-04-02 01:16:00,2131.91,2139.08,2131.91,2133.65,665.9028
2026-04-02 01:17:00,2133.65,2134.24,2123.01,2123.02,1808.7163
2026-04-02 01:18:00,2123.1,2124.42,2113.12,2117.92,3641.9521
2026-04-02 01:19:00,2117.95,2120.18,2113.74,2118.25,1236.1971
2026-04-02 01:20:00,2118.24,2121.99,2113.2,2121.99,1168.1193
2026-04-02 01:21:00,2121.98,2124.87,2114.26,2116.67,972.9567
2026-04-02 01:22:00,2116.68,2118.64,2109.01,2109.01,1199.9868
2026-04-02 01:23:00,2109.01,2112.91,2106.33,2112.91,1432.554
2026-04-02 01:24:00,2112.92,2115.59,2110.93,2115.4,760.7987
2026-04-02 01:25:00,2115.4,2116.09,2109.81,2110.97,399.5211
2026-04-02 01:26:00,2110.97,2113.25,2105.88,2111.89,1301.0822
2026-04-02 01:27:00,2111.9,2113.23,2107.66,2113.23,314.4037
2026-04-02 01:28:00,2113.22,2115.13,2111.82,2115.12,300.7728
2026-04-02 01:29:00,2115.09,2115.3,2112.43,2112.43,263.0116
2026-04-02 01:30:00,2112.4,2112.4,2103.26,2104.88,878.1632
2026-04-02 01:31:00,2104.88,2106.65,2098.88,2101.66,1610.7352
2026-04-02 01:32:00,2101.66,2101.66,2093.33,2098.84,1361.3971
2026-04-02 01:33:00,2098.84,2102.87,2097.1,2098.02,476.5554
2026-04-02 01:34:00,2098.03,2102.9,2096.72,2102.61,392.9052
2026-04-02 01:35:00,2102.61,2103.76,2101.11,2103.24,255.0797
2026-04-02 01:36:00,2103.25,2109.83,2103.25,2105.89,759.993
2026-04-02 01:37:00,2105.89,2109.02,2105.89,2106.24,159.9297
2026-04-02 01:38:00,2106.23,2106.23,2101.96,2102.08,373.6593
2026-04-02 01:39:00,2102.08,2102.08,2097.46,2101.02,703.423
2026-04-02 01:40:00,2101.01,2101.13,2092.49,2093.07,827.3507
2026-04-02 01:41:00,2093.06,2095.37,2092.08,2094.13,823.6667
2026-04-02 01:42:00,2094.13,2097.29,2093.78,2094.67,404.0831
2026-04-02 01:43:00,2094.67,2098.22,2093.43,2094.26,264.0469
2026-04-02 01:44:00,2094.27,2095.77,2092.05,2092.18,334.7892
2026-04-02 01:45:00,2092.19,2101.21,2090.0,2098.66,1552.9873
2026-04-02 01:46:00,2098.66,2098.67,2095.99,2097.15,438.3206
2026-04-02 01:47:00,2097.14,2097.31,2094.3,2096.61,264.19
2026-04-02 01:48:00,2096.62,2097.77,2094.94,2094.94,281.0978
2026-04-02 01:49:00,2094.94,2096.8,2093.96,2094.13,255.2273
2026-04-02 01:50:00,2094.12,2095.04,2092.06,2093.95,518.1023
2026-04-02 01:51:00,2093.96,2099.72,2093.96,2099.36,438.764
2026-04-02 01:52:00,2099.34,2100.0,2097.73,2098.52,398.8779
2026-04-02 01:53:00,2098.53,2098.53,2095.31,2096.65,265.7487
2026-04-02 01:54:00,2096.65,2097.53,2094.33,2097.53,104.2677
2026-04-02 01:55:00,2097.53,2099.96,2096.41,2099.69,115.5424
2026-04-02 01:56:00,2099.69,2099.69,2097.52,2099.01,155.3924
2026-04-02 01:57:00,2099.0,2102.46,2098.03,2101.62,619.5954
2026-04-02 01:58:00,2101.62,2101.7,2098.96,2099.61,199.5675
2026-04-02 01:59:00,2099.62,2101.31,2099.28,2100.03,230.219
2026-04-02 02:00:00,2100.02,2100.02,2096.77,2096.85,476.5483
2026-04-02 02:01:00,2096.84,2097.01,2094.69,2096.48,234.9631
2026-04-02 02:02:00,2096.47,2098.14,2094.85,2097.88,223.7411
2026-04-02 02:03:00,2097.87,2098.17,2094.49,2094.66,422.8518
2026-04-02 02:04:00,2094.65,2095.12,2091.54,2091.66,657.0516
2026-04-02 02:05:00,2091.65,2093.67,2091.11,2092.28,399.5534
2026-04-02 02:06:00,2092.28,2096.6,2091.6,2096.6,158.2758
2026-04-02 02:07:00,2096.62,2098.5,2095.89,2097.17,238.5909
2026-04-02 02:08:00,2097.18,2097.33,2091.0,2091.0,326.6422
2026-04-02 02:09:00,2091.0,2091.0,2087.06,2089.81,1008.7992
2026-04-02 02:10:00,2089.82,2091.97,2088.01,2090.91,312.1455
2026-04-02 02:11:00,2090.91,2091.18,2089.31,2089.79,336.7625
2026-04-02 02:12:00,2089.8,2090.59,2087.7,2087.88,368.4066
2026-04-02 02:13:00,2087.87,2087.87,2084.16,2084.43,865.1088
2026-04-02 02:14:00,2084.43,2084.99,2078.55,2079.06,2232.3114
2026-04-02 02:15:00,2079.06,2082.18,2078.32,2082.17,796.715
2026-04-02 02:16:00,2082.17,2082.85,2080.74,2080.75,339.2638
2026-04-02 02:17:00,2080.74,2084.52,2079.37,2084.23,303.9423
2026-04-02 02:18:00,2084.22,2087.72,2083.63,2087.66,884.0752
2026-04-02 02:19:00,2087.65,2087.65,2085.57,2085.63,396.4302
2026-04-02 02:20:00,2085.62,2085.62,2081.24,2083.04,749.1699
2026-04-02 02:21:00,2083.04,2083.44,2079.91,2083.01,476.3651
2026-04-02 02:22:00,2083.01,2085.24,2083.01,2084.85,315.9544
2026-04-02 02:23:00,2084.85,2085.99,2083.0,2083.01,135.5779
2026-04-02 02:24:00,2083.01,2085.44,2083.01,2084.59,219.2312
2026-04-02 02:25:00,2084.6,2084.6,2082.78,2083.37,117.4778
2026-04-02 02:26:00,2083.37,2084.26,2081.8,2082.01,191.2951
2026-04-02 02:27:00,2082.0,2084.23,2082.0,2084.22,116.0271
2026-04-02 02:28:00,2084.22,2085.1,2083.32,2083.32,158.1327
2026-04-02 02:29:00,2083.33,2083.94,2082.57,2082.65,129.3978
2026-04-02 02:30:00,2082.66,2086.35,2082.26,2084.96,419.532
2026-04-02 02:31:00,2084.95,2085.86,2084.19,2085.05,284.56
2026-04-02 02:32:00,2085.05,2088.28,2084.47,2087.61,563.7613
2026-04-02 02:33:00,2087.61,2088.89,2086.5,2086.59,180.1621
2026-04-02 02:34:00,2086.59,2087.36,2085.79,2085.88,265.3528
2026-04-02 02:35:00,2085.88,2086.51,2082.81,2083.07,145.8179
2026-04-02 02:36:00,2083.07,2083.07,2081.66,2082.04,130.3706
2026-04-02 02:37:00,2082.05,2084.51,2081.45,2081.45,309.2399
2026-04-02 02:38:00,2081.45,2084.82,2080.94,2083.95,182.2656
2026-04-02 02:39:00,2083.96,2084.54,2082.78,2083.26,67.122
2026-04-02 02:40:00,2083.27,2083.76,2081.47,2083.76,114.9569
2026-04-02 02:41:00,2083.77,2085.88,2083.41,2084.38,174.4735
2026-04-02 02:42:00,2084.38,2084.38,2083.3,2083.61,61.2283
2026-04-02 02:43:00,2083.62,2083.62,2069.74,2071.28,2572.6883
2026-04-02 02:44:00,2071.28,2072.69,2065.09,2066.34,2868.1668
2026-04-02 02:45:00,2066.34,2071.5,2065.0,2070.05,617.9737
2026-04-02 02:46:00,2070.06,2071.56,2070.05,2071.04,256.9257
2026-04-02 02:47:00,2071.04,2071.13,2070.0,2071.13,209.3396
2026-04-02 02:48:00,2071.12,2072.86,2069.38,2072.01,380.7699
2026-04-02 02:49:00,2072.0,2072.35,2070.21,2070.8,252.9778
2026-04-02 02:50:00,2070.8,2072.6,2070.8,2071.91,332.2934
2026-04-02 02:51:00,2071.92,2072.64,2071.91,2072.16,72.8725
2026-04-02 02:52:00,2072.12,2074.47,2071.94,2074.42,155.2276
2026-04-02 02:53:00,2074.42,2074.47,2073.05,2073.91,112.6781
2026-04-02 02:54:00,2073.91,2074.23,2073.22,2073.46,62.7606
2026-04-02 02:55:00,2073.45,2074.49,2073.4,2073.84,107.8993
2026-04-02 02:56:00,2073.83,2074.35,2072.64,2073.74,157.08
2026-04-02 02:57:00,2073.75,2075.42,2073.41,2075.06,310.3169
2026-04-02 02:58:00,2075.06,2076.16,2073.91,2073.92,265.5438
2026-04-02 02:59:00,2073.92,2074.75,2073.54,2073.89,106.6644
2026-04-02 03:00:00,2073.9,2074.51,2072.75,2073.83,210.1634
2026-04-02 03:01:00,2073.83,2073.84,2071.39,2071.39,159.0666
2026-04-02 03:02:00,2071.38,2071.9,2070.35,2071.9,134.6971
2026-04-02 03:03:00,2071.89,2073.43,2071.89,2072.77,162.4301
2026-04-02 03:04:00,2072.77,2073.14,2072.36,2072.41,100.907
2026-04-02 03:05:00,2072.41,2074.92,2072.21,2074.92,65.2167
2026-04-02 03:06:00,2074.92,2076.67,2074.92,2075.89,196.7683
2026-04-02 03:07:00,2075.88,2075.88,2074.48,2074.95,262.7091
2026-04-02 03:08:00,2074.95,2075.75,2074.41,2075.75,135.7
2026-04-02 03:09:00,2075.75,2075.75,2074.42,2074.57,70.5346
2026-04-02 03:10:00,2074.56,2074.57,2068.97,2068.97,542.3363
2026-04-02 03:11:00,2068.97,2071.52,2067.45,2070.58,256.2383
2026-04-02 03:12:00,2070.59,2072.63,2070.56,2072.35,167.3569
2026-04-02 03:13:00,2072.35,2072.4,2069.98,2069.98,205.1965
2026-04-02 03:14:00,2069.98,2070.57,2069.4,2069.66,134.5636
2026-04-02 03:15:00,2069.66,2072.02,2067.98,2071.64,241.6283
2026-04-02 03:16:00,2071.64,2071.65,2069.75,2071.04,132.8885
2026-04-02 03:17:00,2071.03,2071.64,2070.76,2070.76,180.61
2026-04-02 03:18:00,2070.76,2071.43,2070.34,2070.35,143.5023
2026-04-02 03:19:00,2070.34,2070.76,2069.18,2069.19,160.1422
2026-04-02 03:20:00,2069.18,2069.46,2064.92,2068.79,787.3934
2026-04-02 03:21:00,2068.8,2070.98,2067.99,2070.98,217.7193
2026-04-02 03:22:00,2070.99,2072.29,2070.98,2072.21,119.6676
2026-04-02 03:23:00,2072.22,2072.57,2071.56,2072.01,145.5144
2026-04-02 03:24:00,2072.0,2074.3,2071.67,2074.3,90.143
2026-04-02 03:25:00,2074.3,2076.0,2073.71,2075.28,386.1209
2026-04-02 03:26:00,2075.28,2076.03,2074.99,2075.78,166.0471
2026-04-02 03:27:00,2075.78,2075.78,2073.79,2073.8,152.2391
2026-04-02 03:28:00,2073.8,2073.8,2073.0,2073.22,121.4572
2026-04-02 03:29:00,2073.23,2074.26,2073.22,2074.19,52.0895
2026-04-02 03:30:00,2074.19,2075.2,2073.91,2074.95,159.7027
2026-04-02 03:31:00,2074.95,2075.36,2072.89,2073.35,333.8616
2026-04-02 03:32:00,2073.35,2073.35,2072.72,2072.96,32.0915
2026-04-02 03:33:00,2072.96,2072.96,2072.0,2072.86,38.3692
2026-04-02 03:34:00,2072.87,2073.79,2072.86,2072.99,46.9119
2026-04-02 03:35:00,2073.0,2074.41,2073.0,2074.41,41.1279
2026-04-02 03:36:00,2074.42,2075.33,2074.42,2074.92,63.1089
2026-04-02 03:37:00,2074.92,2075.19,2072.27,2073.15,89.4626
2026-04-02 03:38:00,2073.15,2073.15,2070.09,2070.43,322.0435
2026-04-02 03:39:00,2070.43,2071.34,2069.52,2070.57,133.8546
2026-04-02 03:40:00,2070.56,2070.56,2068.74,2070.19,151.9815
2026-04-02 03:41:00,2070.18,2070.41,2068.57,2068.93,149.4041
2026-04-02 03:42:00,2068.93,2068.93,2046.48,2046.76,8571.4729
2026-04-02 03:43:00,2046.76,2055.28,2046.76,2052.06,1484.8968
2026-04-02 03:44:00,2052.07,2054.86,2048.42,2054.47,761.6206
2026-04-02 03:45:00,2054.47,2054.75,2052.7,2053.58,303.9333
2026-04-02 03:46:00,2053.58,2054.91,2052.18,2054.38,318.4217
2026-04-02 03:47:00,2054.38,2055.83,2053.87,2053.95,321.3584
2026-04-02 03:48:00,2053.95,2055.81,2053.95,2055.81,203.3868
2026-04-02 03:49:00,2055.81,2056.34,2055.52,2055.71,195.5866
2026-04-02 03:50:00,2055.71,2056.5,2054.84,2055.38,205.7451
2026-04-02 03:51:00,2055.39,2056.25,2054.67,2055.61,129.2698
2026-04-02 03:52:00,2055.62,2056.67,2055.34,2056.67,181.9759
2026-04-02 03:53:00,2056.67,2057.94,2056.23,2056.65,167.7079
2026-04-02 03:54:00,2056.66,2056.83,2055.06,2055.45,176.9644
2026-04-02 03:55:00,2055.45,2055.86,2053.4,2055.77,174.5033
2026-04-02 03:56:00,2055.77,2057.47,2055.76,2056.78,136.3168
2026-04-02 03:57:00,2056.78,2057.82,2056.21,2057.22,137.5865
2026-04-02 03:58:00,2057.23,2057.23,2056.31,2056.59,36.6064
2026-04-02 03:59:00,2056.6,2057.19,2056.01,2056.33,133.0515
2026-04-02 04:00:00,2056.33,2056.96,2055.36,2056.67,589.3897
2026-04-02 04:01:00,2056.68,2057.72,2054.44,2055.92,226.5189
2026-04-02 04:02:00,2055.92,2057.65,2055.71,2056.7,134.8705
2026-04-02 04:03:00,2056.71,2057.37,2055.96,2055.96,73.1849
2026-04-02 04:04:00,2055.96,2056.0,2053.8,2054.55,377.0372
2026-04-02 04:05:00,2054.55,2055.95,2054.0,2055.95,123.4489
2026-04-02 04:06:00,2055.94,2057.11,2055.63,2056.77,60.7194
2026-04-02 04:07:00,2056.78,2057.41,2056.38,2057.18,78.617
2026-04-02 04:08:00,2057.18,2057.18,2056.03,2056.77,34.5
2026-04-02 04:09:00,2056.77,2058.45,2056.77,2057.29,109.4277
2026-04-02 04:10:00,2057.29,2057.47,2056.49,2056.62,105.3321
2026-04-02 04:11:00,2056.61,2057.98,2056.57,2057.89,41.4494
2026-04-02 04:12:00,2057.89,2057.89,2054.67,2055.39,219.2589
2026-04-02 04:13:00,2055.38,2056.82,2054.97,2054.97,89.9797
2026-04-02 04:14:00,2054.96,2054.96,2052.64,2053.83,186.3786
2026-04-02 04:15:00,2053.83,2057.18,2053.83,2056.63,90.3447
2026-04-02 04:16:00,2056.64,2057.59,2054.69,2055.2,113.5914
2026-04-02 04:17:00,2055.2,2056.04,2055.09,2055.53,162.3338
2026-04-02 04:18:00,2055.52,2056.11,2054.6,2054.94,91.6903
2026-04-02 04:19:00,2054.94,2056.34,2053.96,2055.53,236.836
2026-04-02 04:20:00,2055.53,2055.53,2053.1,2054.2,190.6711
2026-04-02 04:21:00,2054.2,2054.55,2053.39,2053.65,129.0165
2026-04-02 04:22:00,2053.65,2053.65,2047.67,2047.95,1037.701
2026-04-02 04:23:00,2047.96,2051.11,2047.95,2050.85,377.8176
2026-04-02 04:24:00,2050.84,2050.84,2050.02,2050.84,94.0867
2026-04-02 04:25:00,2050.84,2051.97,2050.79,2050.99,80.2244
2026-04-02 04:26:00,2050.99,2051.97,2050.38,2051.96,288.4351
2026-04-02 04:27:00,2051.97,2051.97,2048.33,2049.31,212.1048
2026-04-02 04:28:00,2049.31,2050.17,2048.9,2050.09,112.3748
2026-04-02 04:29:00,2050.09,2051.22,2050.09,2051.21,201.245
2026-04-02 04:30:00,2051.21,2052.02,2049.85,2051.51,165.9254
2026-04-02 04:31:00,2051.5,2051.67,2050.54,2051.16,75.5036
2026-04-02 04:32:00,2051.17,2051.39,2050.66,2051.25,41.8875
2026-04-02 04:33:00,2051.26,2053.29,2051.25,2051.46,83.18
2026-04-02 04:34:00,2051.46,2051.46,2050.03,2051.19,65.3942
2026-04-02 04:35:00,2051.19,2051.44,2050.77,2051.18,36.2627
2026-04-02 04:36:00,2051.18,2051.18,2048.0,2048.01,209.4123
2026-04-02 04:37:00,2048.01,2048.35,2042.5,2045.64,1625.8414
2026-04-02 04:38:00,2045.65,2046.79,2044.47,2046.04,665.901
2026-04-02 04:39:00,2046.04,2046.61,2045.14,2045.18,227.5296
2026-04-02 04:40:00,2045.18,2045.99,2043.49,2044.06,789.3497
2026-04-02 04:41:00,2044.06,2044.37,2043.26,2043.53,157.3417
2026-04-02 04:42:00,2043.53,2044.32,2042.8,2043.62,460.6407
2026-04-02 04:43:00,2043.62,2045.89,2043.62,2044.49,232.9862
2026-04-02 04:44:00,2044.5,2046.2,2044.49,2045.26,42.4686
2026-04-02 04:45:00,2045.25,2047.0,2044.64,2047.0,140.2411
2026-04-02 04:46:00,2046.99,2047.51,2046.31,2046.31,59.6785
2026-04-02 04:47:00,2046.32,2046.82,2045.22,2045.22,69.1476
2026-04-02 04:48:00,2045.21,2045.21,2044.0,2044.47,188.615
2026-04-02 04:49:00,2044.47,2045.66,2043.49,2045.66,124.2417
2026-04-02 04:50:00,2045.66,2045.66,2044.77,2045.06,84.7407
2026-04-02 04:51:00,2045.06,2045.79,2044.58,2044.59,132.9115
2026-04-02 04:52:00,2044.58,2045.95,2044.0,2045.94,57.9818
2026-04-02 04:53:00,2045.94,2045.95,2044.5,2044.5,83.7772
2026-04-02 04:54:00,2044.51,2044.65,2042.79,2043.05,123.7265
2026-04-02 04:55:00,2043.05,2044.0,2041.77,2043.82,305.2575
2026-04-02 04:56:00,2043.81,2045.5,2043.81,2043.93,145.3105
2026-04-02 04:57:00,2043.93,2045.67,2043.92,2045.67,168.6088
2026-04-02 04:58:00,2045.67,2046.0,2045.13,2045.73,193.7772
2026-04-02 04:59:00,2045.73,2045.74,2044.56,2044.56,138.9946
2026-04-02 05:00:00,2044.57,2046.0,2044.57,2045.23,146.4865
2026-04-02 05:01:00,2045.23,2047.8,2045.21,2047.8,133.1291
2026-04-02 05:02:00,2047.8,2049.2,2046.66,2048.12,419.5138
2026-04-02 05:03:00,2048.11,2048.69,2047.81,2047.81,164.817
2026-04-02 05:04:00,2047.81,2048.74,2046.91,2046.91,212.8231
2026-04-02 05:05:00,2046.91,2047.0,2045.25,2045.63,160.0642
2026-04-02 05:06:00,2045.62,2047.04,2045.62,2046.47,269.6966
2026-04-02 05:07:00,2046.46,2046.46,2044.8,2045.23,80.2999
2026-04-02 05:08:00,2045.23,2045.23,2038.63,2040.23,1499.3964
2026-04-02 05:09:00,2040.22,2042.34,2039.82,2042.05,224.3103
2026-04-02 05:10:00,2042.04,2042.78,2041.12,2041.37,213.8206
2026-04-02 05:11:00,2041.38,2042.24,2041.14,2041.14,65.492
2026-04-02 05:12:00,2041.14,2044.36,2040.14,2044.36,118.8454
2026-04-02 05:13:00,2044.35,2044.35,2043.12,2043.63,57.2995
2026-04-02 05:14:00,2043.63,2043.63,2043.01,2043.17,216.4194
2026-04-02 05:15:00,2043.18,2045.82,2043.18,2045.78,151.6118
2026-04-02 05:16:00,2045.78,2046.3,2044.36,2044.45,197.9061
2026-04-02 05:17:00,2044.46,2044.46,2043.23,2044.13,76.524
2026-04-02 05:18:00,2044.13,2046.56,2044.13,2046.17,201.0223
2026-04-02 05:19:00,2046.17,2046.75,2043.43,2044.19,315.4011
2026-04-02 05:20:00,2044.18,2044.19,2043.0,2043.74,167.8212
2026-04-02 05:21:00,2043.74,2044.77,2043.19,2044.77,120.1911
2026-04-02 05:22:00,2044.77,2048.1,2044.77,2046.88,235.1235
2026-04-02 05:23:00,2046.89,2049.19,2046.89,2048.23,302.4595
2026-04-02 05:24:00,2048.23,2048.27,2047.2,2047.58,127.1016
2026-04-02 05:25:00,2047.57,2047.58,2045.95,2046.0,342.1992
2026-04-02 05:26:00,2046.01,2046.84,2045.91,2046.83,125.7176
2026-04-02 05:27:00,2046.83,2047.15,2045.88,2045.88,157.9799
2026-04-02 05:28:00,2045.88,2047.18,2045.88,2047.18,135.8318
2026-04-02 05:29:00,2047.18,2047.53,2045.62,2046.71,198.0201
2026-04-02 05:30:00,2046.71,2048.25,2046.3,2046.3,272.5109
2026-04-02 05:31:00,2046.31,2046.35,2044.43,2044.63,172.0886
2026-04-02 05:32:00,2044.64,2046.3,2044.09,2046.12,143.774
2026-04-02 05:33:00,2046.11,2046.13,2044.39,2044.98,204.6654
2026-04-02 05:34:00,2044.99,2046.07,2044.44,2044.44,73.2883
2026-04-02 05:35:00,2044.45,2044.57,2043.77,2044.51,67.6607
2026-04-02 05:36:00,2044.52,2045.78,2043.8,2044.46,189.235
2026-04-02 05:37:00,2044.47,2045.39,2044.1,2044.41,84.5036
2026-04-02 05:38:00,2044.41,2045.37,2044.41,2045.05,59.7033
2026-04-02 05:39:00,2045.06,2047.31,2045.05,2046.84,163.891
2026-04-02 05:40:00,2046.85,2047.21,2046.0,2047.21,92.9402
2026-04-02 05:41:00,2047.21,2049.3,2047.21,2048.9,249.2511
2026-04-02 05:42:00,2048.9,2050.01,2047.63,2050.01,406.485
2026-04-02 05:43:00,2050.0,2050.01,2048.42,2049.35,222.7716
2026-04-02 05:44:00,2049.35,2049.37,2048.56,2049.37,186.454
2026-04-02 05:45:00,2049.37,2049.37,2048.54,2048.55,83.6764
2026-04-02 05:46:00,2048.55,2048.73,2046.59,2046.6,144.2548
2026-04-02 05:47:00,2046.6,2047.24,2046.3,2047.24,163.9209
2026-04-02 05:48:00,2047.24,2047.84,2047.24,2047.79,233.9813
2026-04-02 05:49:00,2047.8,2048.06,2047.29,2047.29,49.359
2026-04-02 05:50:00,2047.3,2047.34,2046.55,2047.29,70.2356
2026-04-02 05:51:00,2047.28,2047.28,2046.59,2046.91,62.4793
2026-04-02 05:52:00,2046.9,2048.09,2046.8,2047.5,169.8085
2026-04-02 05:53:00,2047.5,2047.69,2047.33,2047.41,34.4818
2026-04-02 05:54:00,2047.41,2047.58,2046.78,2047.58,79.2284
2026-04-02 05:55:00,2047.59,2048.73,2047.59,2048.21,88.7913
2026-04-02 05:56:00,2048.22,2051.38,2048.22,2049.68,499.3314
2026-04-02 05:57:00,2049.69,2050.49,2049.68,2050.0,155.8386
2026-04-02 05:58:00,2050.0,2050.99,2049.86,2050.37,102.5985
2026-04-02 05:59:00,2050.36,2050.52,2050.2,2050.21,57.3631
2026-04-02 06:00:00,2050.21,2050.4,2048.9,2049.29,247.3434
2026-04-02 06:01:00,2049.3,2051.32,2049.3,2051.12,201.7537
2026-04-02 06:02:00,2051.12,2051.12,2050.09,2050.09,95.8369
2026-04-02 06:03:00,2050.08,2050.37,2049.38,2049.39,93.3035
2026-04-02 06:04:00,2049.38,2049.54,2049.13,2049.29,66.2226
2026-04-02 06:05:00,2049.29,2049.29,2047.99,2048.07,353.7415
2026-04-02 06:06:00,2048.06,2048.81,2048.06,2048.43,136.565
2026-04-02 06:07:00,2048.44,2050.6,2048.44,2049.56,197.3597
2026-04-02 06:08:00,2049.56,2049.56,2046.54,2047.19,280.6957
2026-04-02 06:09:00,2047.19,2047.87,2046.56,2046.59,152.7447
2026-04-02 06:10:00,2046.58,2046.92,2045.89,2046.92,148.059
2026-04-02 06:11:00,2046.92,2047.44,2046.91,2047.43,29.7429
2026-04-02 06:12:00,2047.44,2048.08,2047.18,2047.18,135.77
2026-04-02 06:13:00,2047.18,2047.33,2046.45,2046.5,74.5087
2026-04-02 06:14:00,2046.5,2047.2,2046.26,2046.67,138.621
2026-04-02 06:15:00,2046.67,2050.52,2045.98,2050.19,497.3511
2026-04-02 06:16:00,2050.19,2050.48,2047.36,2050.22,1865.4477
2026-04-02 06:17:00,2050.21,2050.66,2049.54,2049.93,126.0596
2026-04-02 06:18:00,2049.94,2052.8,2049.93,2052.8,877.312
2026-04-02 06:19:00,2052.79,2053.71,2052.55,2053.36,209.0955
2026-04-02 06:20:00,2053.35,2053.36,2051.22,2051.28,172.5796
2026-04-02 06:21:00,2051.28,2051.8,2050.85,2050.9,126.5651
2026-04-02 06:22:00,2050.91,2051.0,2050.0,2050.67,98.8616
2026-04-02 06:23:00,2050.66,2052.45,2050.57,2052.45,98.5496
2026-04-02 06:24:00,2052.44,2052.96,2051.67,2052.95,175.2043
2026-04-02 06:25:00,2052.95,2052.95,2051.7,2051.92,189.6857
2026-04-02 06:26:00,2051.92,2052.64,2051.91,2052.63,65.7138
2026-04-02 06:27:00,2052.63,2052.63,2050.82,2051.29,419.2819
2026-04-02 06:28:00,2051.29,2051.68,2050.47,2051.68,117.9117
2026-04-02 06:29:00,2051.67,2051.69,2050.47,2050.48,125.3869
2026-04-02 06:30:00,2050.47,2050.47,2047.61,2048.12,279.4515
2026-04-02 06:31:00,2048.13,2050.5,2048.13,2050.27,135.1266
2026-04-02 06:32:00,2050.26,2050.5,2049.98,2050.25,74.1212
2026-04-02 06:33:00,2050.25,2051.16,2050.22,2050.39,65.7435
2026-04-02 06:34:00,2050.39,2050.4,2049.3,2049.85,131.4973
2026-04-02 06:35:00,2049.85,2050.12,2048.26,2048.79,118.6504
2026-04-02 06:36:00,2048.8,2049.61,2048.8,2049.6,63.3941
2026-04-02 06:37:00,2049.6,2049.75,2048.05,2048.05,286.8595
2026-04-02 06:38:00,2048.05,2048.78,2048.0,2048.01,207.5285
2026-04-02 06:39:00,2048.01,2048.02,2047.0,2047.6,304.8729
2026-04-02 06:40:00,2047.62,2047.62,2046.5,2046.7,193.8046
2026-04-02 06:41:00,2046.7,2048.03,2046.42,2046.42,301.402
2026-04-02 06:42:00,2046.42,2046.66,2045.56,2046.59,177.6559
2026-04-02 06:43:00,2046.59,2046.66,2045.57,2045.94,99.6255
2026-04-02 06:44:00,2045.94,2046.66,2045.6,2045.67,115.1434
2026-04-02 06:45:00,2045.68,2046.5,2045.67,2046.5,47.14
2026-04-02 06:46:00,2046.51,2048.69,2046.5,2048.69,93.5272
2026-04-02 06:47:00,2048.7,2048.7,2047.91,2047.91,70.839
2026-04-02 06:48:00,2047.92,2048.31,2047.45,2047.45,77.4268
2026-04-02 06:49:00,2047.45,2047.54,2047.0,2047.54,115.5848
2026-04-02 06:50:00,2047.54,2048.8,2047.53,2047.91,86.1496
2026-04-02 06:51:00,2047.91,2049.27,2047.91,2048.99,74.7161
2026-04-02 06:52:00,2048.98,2050.3,2048.98,2049.41,167.3455
2026-04-02 06:53:00,2049.4,2049.65,2048.85,2049.33,68.6636
2026-04-02 06:54:00,2049.34,2050.3,2049.1,2049.1,74.7475
2026-04-02 06:55:00,2049.11,2049.15,2048.57,2048.94,95.8031
2026-04-02 06:56:00,2048.94,2049.87,2048.94,2049.86,117.1449
2026-04-02 06:57:00,2049.85,2050.01,2049.6,2049.78,95.9017
2026-04-02 06:58:00,2049.79,2050.1,2049.73,2050.09,56.7279
2026-04-02 06:59:00,2050.09,2050.51,2050.09,2050.09,55.093
2026-04-02 07:00:00,2050.09,2050.1,2049.31,2049.4,161.1866
2026-04-02 07:01:00,2049.39,2049.48,2048.59,2049.09,92.2755
2026-04-02 07:02:00,2049.09,2049.27,2047.91,2048.59,75.4582
2026-04-02 07:03:00,2048.58,2050.0,2048.41,2049.99,74.2958
2026-04-02 07:04:00,2049.99,2050.41,2049.48,2050.06,134.4033
2026-04-02 07:05:00,2050.06,2050.18,2049.4,2049.41,118.1859
2026-04-02 07:06:00,2049.41,2050.76,2049.41,2049.42,46.4995
2026-04-02 07:07:00,2049.42,2050.02,2049.3,2049.62,82.8901
2026-04-02 07:08:00,2049.63,2049.63,2048.37,2048.37,59.07
2026-04-02 07:09:00,2048.38,2048.38,2047.3,2047.5,83.9905
2026-04-02 07:10:00,2047.49,2047.49,2045.95,2046.29,123.4207
2026-04-02 07:11:00,2046.28,2046.29,2044.5,2044.5,157.7518
2026-04-02 07:12:00,2044.51,2045.01,2044.29,2044.6,144.6692
2026-04-02 07:13:00,2044.6,2045.58,2044.6,2045.45,204.5829
2026-04-02 07:14:00,2045.46,2046.28,2045.46,2045.48,194.1699
2026-04-02 07:15:00,2045.48,2047.73,2045.47,2047.72,150.8898
2026-04-02 07:16:00,2047.72,2049.86,2047.72,2049.72,122.94
2026-04-02 07:17:00,2049.72,2050.5,2049.72,2050.5,81.6552
2026-04-02 07:18:00,2050.49,2050.49,2048.8,2048.8,51.4099
2026-04-02 07:19:00,2048.8,2048.8,2047.87,2048.11,82.9248
2026-04-02 07:20:00,2048.12,2048.65,2048.11,2048.34,90.1472
2026-04-02 07:21:00,2048.35,2048.35,2046.49,2047.0,198.3676
2026-04-02 07:22:00,2047.0,2047.39,2046.09,2046.09,113.4343
2026-04-02 07:23:00,2046.09,2047.79,2046.09,2047.15,77.291
2026-04-02 07:24:00,2047.16,2048.45,2047.1,2047.58,88.269
2026-04-02 07:25:00,2047.58,2047.95,2047.2,2047.35,64.523
2026-04-02 07:26:00,2047.34,2047.55,2047.02,2047.14,61.7454
2026-04-02 07:27:00,2047.15,2047.5,2046.3,2047.5,102.5353
2026-04-02 07:28:00,2047.49,2048.14,2047.04,2047.57,62.3843
2026-04-02 07:29:00,2047.57,2047.57,2046.92,2047.04,38.8525
2026-04-02 07:30:00,2047.04,2048.53,2046.92,2048.53,144.9356
2026-04-02 07:31:00,2048.53,2051.07,2048.53,2049.27,320.3878
2026-04-02 07:32:00,2049.27,2051.6,2049.27,2051.49,182.8171
2026-04-02 07:33:00,2051.5,2051.59,2051.23,2051.29,131.0887
2026-04-02 07:34:00,2051.3,2051.69,2049.94,2051.68,265.8844
2026-04-02 07:35:00,2051.68,2051.97,2051.01,2051.01,179.1523
2026-04-02 07:36:00,2051.02,2053.01,2050.99,2052.9,266.1937
2026-04-02 07:37:00,2052.89,2053.65,2052.29,2052.3,237.8482
2026-04-02 07:38:00,2052.3,2052.63,2051.58,2051.76,229.7497
2026-04-02 07:39:00,2051.76,2052.65,2051.76,2052.09,213.4997
2026-04-02 07:40:00,2052.09,2052.42,2051.53,2052.02,243.7072
2026-04-02 07:41:00,2052.02,2052.1,2051.63,2051.89,113.074
2026-04-02 07:42:00,2051.9,2051.9,2051.4,2051.79,159.1881
2026-04-02 07:43:00,2051.8,2052.84,2051.8,2052.83,215.8425
2026-04-02 07:44:00,2052.84,2054.1,2052.83,2053.89,262.0601
2026-04-02 07:45:00,2053.89,2055.11,2053.89,2054.59,210.1319
2026-04-02 07:46:00,2054.59,2054.93,2054.48,2054.64,262.5585
2026-04-02 07:47:00,2054.64,2055.62,2054.63,2055.62,136.668
2026-04-02 07:48:00,2055.63,2056.76,2055.26,2055.79,701.9891
2026-04-02 07:49:00,2055.78,2055.79,2055.24,2055.73,154.8506
2026-04-02 07:50:00,2055.73,2055.94,2055.0,2055.0,383.8463
2026-04-02 07:51:00,2055.01,2055.27,2054.35,2055.21,229.6524
2026-04-02 07:52:00,2055.22,2056.14,2054.14,2056.14,632.5008
2026-04-02 07:53:00,2056.13,2056.5,2055.83,2055.86,240.6495
2026-04-02 07:54:00,2055.86,2056.23,2055.43,2056.0,179.0766
2026-04-02 07:55:00,2056.01,2056.69,2055.46,2055.52,222.8885
2026-04-02 07:56:00,2055.53,2056.7,2055.52,2056.69,108.2367
2026-04-02 07:57:00,2056.7,2056.72,2056.02,2056.02,210.5083
2026-04-02 07:58:00,2056.03,2056.14,2055.75,2056.02,178.0859
2026-04-02 07:59:00,2056.02,2056.1,2055.46,2056.09,160.7753
2026-04-02 08:00:00,2056.09,2056.09,2053.25,2053.25,282.8091
2026-04-02 08:01:00,2053.26,2053.26,2050.53,2052.05,320.3151
2026-04-02 08:02:00,2052.06,2052.83,2051.81,2052.13,89.1324
2026-04-02 08:03:00,2052.13,2053.36,2052.13,2052.75,98.0009
2026-04-02 08:04:00,2052.75,2052.76,2052.26,2052.26,99.6993
2026-04-02 08:05:00,2052.27,2052.27,2051.22,2051.22,182.3892
2026-04-02 08:06:00,2051.22,2051.89,2051.1,2051.86,139.9066
2026-04-02 08:07:00,2051.87,2053.4,2051.87,2052.49,222.1248
2026-04-02 08:08:00,2052.48,2052.82,2051.49,2051.65,172.6411
2026-04-02 08:09:00,2051.65,2051.94,2051.11,2051.44,165.2963
2026-04-02 08:10:00,2051.44,2051.79,2050.93,2050.93,117.1874
2026-04-02 08:11:00,2050.92,2051.43,2050.36,2050.92,154.4747
2026-04-02 08:12:00,2050.92,2051.7,2050.1,2051.68,164.6914
2026-04-02 08:13:00,2051.68,2052.41,2050.15,2050.5,156.9655
2026-04-02 08:14:00,2050.51,2051.69,2050.51,2051.69,123.333
2026-04-02 08:15:00,2051.69,2052.43,2051.39,2051.39,118.1996
2026-04-02 08:16:00,2051.39,2052.06,2050.86,2050.96,122.0234
2026-04-02 08:17:00,2050.96,2051.13,2050.19,2051.1,88.2662
2026-04-02 08:18:00,2051.11,2051.11,2050.65,2050.75,91.3835
2026-04-02 08:19:00,2050.74,2050.74,2049.91,2049.96,94.5883
2026-04-02 08:20:00,2049.96,2050.59,2049.58,2050.59,76.0458
2026-04-02 08:21:00,2050.58,2050.86,2048.88,2049.19,286.158
2026-04-02 08:22:00,2049.19,2049.19,2047.35,2048.99,194.1765
2026-04-02 08:23:00,2048.98,2048.98,2048.22,2048.59,37.7597
2026-04-02 08:24:00,2048.59,2048.8,2048.06,2048.06,267.8855
2026-04-02 08:25:00,2048.06,2048.3,2047.95,2048.05,63.8782
2026-04-02 08:26:00,2048.04,2049.58,2048.04,2049.14,394.6094
2026-04-02 08:27:00,2049.13,2049.45,2049.13,2049.29,73.1555
2026-04-02 08:28:00,2049.28,2049.28,2048.43,2049.15,191.3704
2026-04-02 08:29:00,2049.15,2050.34,2049.14,2050.33,39.4354
2026-04-02 08:30:00,2050.34,2051.93,2050.33,2051.53,199.9497
2026-04-02 08:31:00,2051.52,2053.25,2051.52,2052.44,58.8901
2026-04-02 08:32:00,2052.43,2052.44,2051.65,2052.16,50.1344
2026-04-02 08:33:00,2052.16,2052.16,2050.52,2050.76,67.5124
2026-04-02 08:34:00,2050.76,2051.46,2050.76,2051.46,46.5808
2026-04-02 08:35:00,2051.45,2051.46,2050.26,2050.46,35.2542
2026-04-02 08:36:00,2050.47,2050.47,2047.9,2047.9,162.6024
2026-04-02 08:37:00,2047.9,2047.9,2046.85,2047.4,127.8145
2026-04-02 08:38:00,2047.4,2048.5,2047.31,2047.96,114.0395
2026-04-02 08:39:00,2047.97,2048.9,2047.96,2048.88,40.5938
2026-04-02 08:40:00,2048.88,2048.88,2047.73,2048.0,58.0274
2026-04-02 08:41:00,2048.0,2048.44,2047.99,2048.39,23.9457
2026-04-02 08:42:00,2048.39,2048.39,2046.17,2047.37,166.1595
2026-04-02 08:43:00,2047.38,2048.0,2047.26,2047.5,65.1965
2026-04-02 08:44:00,2047.5,2048.15,2046.47,2046.47,134.8246
2026-04-02 08:45:00,2046.47,2047.81,2046.47,2047.8,89.6886
2026-04-02 08:46:00,2047.81,2048.07,2047.62,2047.69,60.4639
2026-04-02 08:47:00,2047.7,2048.11,2046.78,2046.91,166.1754
2026-04-02 08:48:00,2046.92,2047.67,2046.91,2047.67,46.1324
2026-04-02 08:49:00,2047.67,2047.92,2047.22,2047.27,99.0673
2026-04-02 08:50:00,2047.27,2047.95,2047.2,2047.5,120.5652
2026-04-02 08:51:00,2047.5,2047.9,2047.18,2047.19,103.2278
2026-04-02 08:52:00,2047.19,2047.19,2046.78,2047.12,51.3804
2026-04-02 08:53:00,2047.13,2047.18,2046.2,2046.72,157.2707
2026-04-02 08:54:00,2046.72,2047.21,2046.64,2047.21,31.3467
2026-04-02 08:55:00,2047.2,2047.54,2047.2,2047.31,81.4484
2026-04-02 08:56:00,2047.3,2047.31,2046.51,2047.19,96.958
2026-04-02 08:57:00,2047.19,2047.22,2046.9,2046.9,112.9253
2026-04-02 08:58:00,2046.9,2047.25,2046.51,2046.51,113.0264
2026-04-02 08:59:00,2046.52,2046.6,2045.36,2046.29,278.6171
2026-04-02 09:00:00,2046.3,2047.53,2045.66,2047.11,1103.589
2026-04-02 09:01:00,2047.11,2047.13,2044.4,2044.4,273.5777
2026-04-02 09:02:00,2044.41,2044.87,2043.17,2043.36,274.5035
2026-04-02 09:03:00,2043.37,2043.37,2041.66,2042.95,458.8143
2026-04-02 09:04:00,2042.95,2044.8,2042.95,2044.32,137.1561
2026-04-02 09:05:00,2044.33,2044.75,2042.24,2042.28,121.2811
2026-04-02 09:06:00,2042.27,2043.31,2041.78,2043.3,235.1095
2026-04-02 09:07:00,2043.31,2044.6,2043.11,2043.39,125.1034
2026-04-02 09:08:00,2043.39,2044.58,2043.39,2044.43,88.1326
2026-04-02 09:09:00,2044.43,2044.44,2039.27,2040.1,460.5869
2026-04-02 09:10:00,2040.1,2043.19,2040.09,2043.19,163.0225
2026-04-02 09:11:00,2043.18,2043.84,2042.04,2042.05,113.5772
2026-04-02 09:12:00,2042.05,2042.19,2040.86,2041.83,325.5812
2026-04-02 09:13:00,2041.84,2042.92,2041.71,2042.78,110.4354
2026-04-02 09:14:00,2042.78,2044.05,2042.77,2043.69,139.421
2026-04-02 09:15:00,2043.7,2044.22,2043.25,2043.83,189.6766
2026-04-02 09:16:00,2043.83,2045.15,2043.16,2043.42,242.1614
2026-04-02 09:17:00,2043.42,2044.26,2042.75,2044.25,140.4533
2026-04-02 09:18:00,2044.24,2044.25,2043.24,2043.9,153.167
2026-04-02 09:19:00,2043.89,2043.9,2042.14,2042.2,150.3074
2026-04-02 09:20:00,2042.2,2043.93,2042.04,2043.63,167.421
2026-04-02 09:21:00,2043.63,2045.06,2043.63,2045.06,64.9357
2026-04-02 09:22:00,2045.05,2045.62,2044.23,2044.23,110.0491
2026-04-02 09:23:00,2044.23,2044.7,2043.86,2044.31,75.5799
2026-04-02 09:24:00,2044.32,2044.32,2043.61,2043.81,66.6463
2026-04-02 09:25:00,2043.82,2045.58,2043.76,2045.43,95.2292
2026-04-02 09:26:00,2045.42,2047.5,2045.42,2046.47,303.2654
2026-04-02 09:27:00,2046.48,2048.14,2046.48,2047.87,354.989
2026-04-02 09:28:00,2047.87,2047.93,2047.07,2047.65,102.684
2026-04-02 09:29:00,2047.65,2048.02,2046.44,2046.63,263.3772
2026-04-02 09:30:00,2046.63,2047.37,2046.15,2047.34,134.6579
2026-04-02 09:31:00,2047.33,2047.6,2046.07,2046.15,563.6516
2026-04-02 09:32:00,2046.14,2046.69,2045.28,2045.41,190.5655
2026-04-02 09:33:00,2045.4,2046.31,2045.4,2046.15,75.1191
2026-04-02 09:34:00,2046.14,2046.66,2045.3,2045.55,142.0316
2026-04-02 09:35:00,2045.55,2047.05,2045.55,2046.28,96.1607
2026-04-02 09:36:00,2046.28,2047.01,2045.89,2045.9,62.667
2026-04-02 09:37:00,2045.89,2045.9,2044.7,2044.71,81.4868
2026-04-02 09:38:00,2044.7,2045.7,2044.7,2045.69,33.572
2026-04-02 09:39:00,2045.69,2045.96,2045.44,2045.96,29.0865
2026-04-02 09:40:00,2045.96,2047.2,2045.95,2046.98,49.3815
2026-04-02 09:41:00,2046.99,2046.99,2045.0,2045.03,74.2957
2026-04-02 09:42:00,2045.02,2045.02,2043.16,2044.52,81.4525
2026-04-02 09:43:00,2044.52,2045.52,2044.52,2045.5,298.9427
2026-04-02 09:44:00,2045.49,2045.49,2044.79,2044.8,78.4608
2026-04-02 09:45:00,2044.8,2044.98,2042.73,2042.73,85.7068
2026-04-02 09:46:00,2042.73,2043.64,2042.46,2043.45,58.4923
2026-04-02 09:47:00,2043.45,2043.73,2042.65,2043.27,84.4862
2026-04-02 09:48:00,2043.26,2044.05,2043.26,2044.05,67.2477
2026-04-02 09:49:00,2044.05,2044.06,2043.68,2043.98,31.1965
2026-04-02 09:50:00,2043.98,2044.34,2043.58,2044.24,38.2017
2026-04-02 09:51:00,2044.24,2044.79,2043.73,2043.73,78.7894
2026-04-02 09:52:00,2043.72,2044.52,2043.63,2043.83,30.5775
2026-04-02 09:53:00,2043.82,2043.82,2042.75,2043.0,47.0926
2026-04-02 09:54:00,2043.01,2043.62,2043.01,2043.21,20.936
2026-04-02 09:55:00,2043.2,2043.99,2042.7,2043.99,46.3486
2026-04-02 09:56:00,2043.99,2044.23,2043.29,2043.32,41.4505
2026-04-02 09:57:00,2043.32,2043.55,2043.05,2043.16,32.7281
2026-04-02 09:58:00,2043.15,2043.64,2043.15,2043.41,25.3713
2026-04-02 09:59:00,2043.4,2044.24,2043.4,2044.0,49.0281
2026-04-02 10:00:00,2044.0,2044.0,2043.23,2043.24,35.7146
2026-04-02 10:01:00,2043.24,2044.07,2043.24,2043.31,66.6593
2026-04-02 10:02:00,2043.31,2043.49,2042.32,2042.51,188.5512
2026-04-02 10:03:00,2042.51,2044.9,2042.1,2044.89,191.6606
2026-04-02 10:04:00,2044.89,2045.05,2042.87,2042.87,60.3193
2026-04-02 10:05:00,2042.86,2043.58,2041.84,2043.41,79.1906
2026-04-02 10:06:00,2043.41,2043.54,2040.52,2040.66,301.6504
2026-04-02 10:07:00,2040.62,2041.94,2039.72,2041.25,220.1641
2026-04-02 10:08:00,2041.25,2041.25,2039.55,2039.8,157.2097
2026-04-02 10:09:00,2039.79,2040.03,2039.51,2039.52,56.7619
2026-04-02 10:10:00,2039.52,2039.91,2032.85,2034.27,2348.0131
2026-04-02 10:11:00,2034.26,2036.69,2034.09,2034.83,321.9843
2026-04-02 10:12:00,2034.82,2036.51,2034.82,2036.5,80.8977
2026-04-02 10:13:00,2036.5,2037.28,2036.17,2036.17,124.3609
2026-04-02 10:14:00,2036.17,2036.17,2034.58,2034.58,178.0135
2026-04-02 10:15:00,2034.59,2034.8,2033.37,2033.9,269.1008
2026-04-02 10:16:00,2033.91,2034.47,2032.54,2034.47,312.9988
2026-04-02 10:17:00,2034.47,2035.0,2033.65,2035.0,110.8223
2026-04-02 10:18:00,2035.0,2035.84,2034.5,2035.84,150.585
2026-04-02 10:19:00,2035.84,2036.62,2035.04,2035.35,81.4572
2026-04-02 10:20:00,2035.36,2036.62,2035.15,2035.3,102.8876
2026-04-02 10:21:00,2035.29,2036.0,2033.91,2035.22,303.7568
2026-04-02 10:22:00,2035.22,2035.71,2035.22,2035.26,87.3211
2026-04-02 10:23:00,2035.26,2035.4,2034.97,2035.4,46.1938
2026-04-02 10:24:00,2035.4,2036.37,2035.39,2035.93,39.2182
2026-04-02 10:25:00,2035.94,2037.21,2035.93,2036.61,139.2761
2026-04-02 10:26:00,2036.62,2037.1,2036.61,2037.07,66.6848
2026-04-02 10:27:00,2037.06,2037.1,2036.0,2037.01,72.7399
2026-04-02 10:28:00,2037.0,2037.0,2036.08,2036.35,182.2523
2026-04-02 10:29:00,2036.35,2036.36,2036.0,2036.01,37.0767
2026-04-02 10:30:00,2036.01,2036.8,2036.0,2036.79,89.5638
2026-04-02 10:31:00,2036.8,2037.5,2036.25,2037.41,67.5396
2026-04-02 10:32:00,2037.41,2038.96,2037.41,2038.96,317.35
2026-04-02 10:33:00,2038.96,2039.47,2038.95,2039.28,67.809
2026-04-02 10:34:00,2039.29,2039.41,2038.93,2038.94,66.5236
2026-04-02 10:35:00,2038.94,2039.99,2038.93,2039.98,40.3207
2026-04-02 10:36:00,2039.99,2040.5,2038.11,2038.62,173.575
2026-04-02 10:37:00,2038.61,2038.8,2037.51,2038.79,149.9882
2026-04-02 10:38:00,2038.8,2038.84,2037.37,2037.86,136.3404
2026-04-02 10:39:00,2037.87,2038.04,2035.23,2035.64,188.2571
2026-04-02 10:40:00,2035.65,2037.3,2035.65,2037.3,57.7608
2026-04-02 10:41:00,2037.3,2038.1,2037.3,2037.44,68.7103
2026-04-02 10:42:00,2037.43,2040.5,2037.43,2040.49,131.2855
2026-04-02 10:43:00,2040.49,2040.49,2039.92,2040.08,43.0413
2026-04-02 10:44:00,2040.07,2040.08,2038.64,2039.9,213.0593
2026-04-02 10:45:00,2039.89,2039.89,2038.74,2039.18,250.1599
2026-04-02 10:46:00,2039.19,2039.32,2037.83,2037.83,111.6584
2026-04-02 10:47:00,2037.84,2038.92,2037.83,2038.79,81.2764
2026-04-02 10:48:00,2038.79,2040.07,2038.79,2038.96,75.6409
2026-04-02 10:49:00,2038.95,2038.96,2037.99,2038.42,93.2107
2026-04-02 10:50:00,2038.41,2038.41,2037.66,2038.41,93.7047
2026-04-02 10:51:00,2038.41,2038.62,2038.37,2038.62,77.4691
2026-04-02 10:52:00,2038.62,2039.08,2038.62,2039.07,66.4691
2026-04-02 10:53:00,2039.06,2039.07,2038.49,2038.83,116.6239
2026-04-02 10:54:00,2038.82,2038.82,2037.92,2038.24,47.5583
2026-04-02 10:55:00,2038.25,2039.51,2038.24,2038.86,71.4377
2026-04-02 10:56:00,2038.87,2038.98,2037.65,2037.65,36.4551
2026-04-02 10:57:00,2037.65,2038.79,2037.65,2038.79,22.1407
2026-04-02 10:58:00,2038.8,2038.94,2038.55,2038.75,35.3866
2026-04-02 10:59:00,2038.74,2038.79,2038.42,2038.79,33.4331
2026-04-02 11:00:00,2038.8,2039.71,2038.8,2039.64,72.2558
2026-04-02 11:01:00,2039.64,2040.19,2038.59,2038.8,334.2885
2026-04-02 11:02:00,2038.79,2039.79,2037.65,2039.79,43.2875
2026-04-02 11:03:00,2039.8,2040.28,2039.51,2039.9,107.0862
2026-04-02 11:04:00,2039.9,2039.9,2039.21,2039.79,66.7658
2026-04-02 11:05:00,2039.78,2040.09,2037.65,2038.4,64.4552
2026-04-02 11:06:00,2038.4,2038.52,2037.1,2037.11,76.6286
2026-04-02 11:07:00,2037.1,2037.11,2036.07,2036.53,44.38
2026-04-02 11:08:00,2036.52,2037.31,2036.52,2037.07,24.1182
2026-04-02 11:09:00,2037.07,2037.08,2035.59,2035.59,42.0478
2026-04-02 11:10:00,2035.6,2036.74,2035.6,2036.27,69.4875
2026-04-02 11:11:00,2036.26,2036.27,2033.37,2033.46,144.587
2026-04-02 11:12:00,2033.45,2033.54,2031.57,2032.24,620.3372
2026-04-02 11:13:00,2032.23,2033.35,2031.58,2031.59,112.8528
2026-04-02 11:14:00,2031.59,2032.33,2031.44,2032.18,112.7682
2026-04-02 11:15:00,2032.18,2035.59,2024.73,2035.47,2509.2122
2026-04-02 11:16:00,2035.46,2035.54,2032.56,2034.49,409.227
2026-04-02 11:17:00,2034.49,2036.62,2034.28,2034.55,299.6121
2026-04-02 11:18:00,2034.55,2035.24,2033.82,2034.31,190.1387
2026-04-02 11:19:00,2034.32,2034.63,2033.82,2034.63,71.2329
2026-04-02 11:20:00,2034.62,2036.23,2034.26,2035.93,204.6725
2026-04-02 11:21:00,2035.92,2037.24,2035.34,2036.46,50.5251
2026-04-02 11:22:00,2036.45,2036.45,2035.54,2036.12,62.9794
2026-04-02 11:23:00,2036.12,2037.95,2036.12,2037.62,128.6388
2026-04-02 11:24:00,2037.63,2037.8,2037.43,2037.68,36.1862
2026-04-02 11:25:00,2037.68,2037.69,2036.55,2037.05,92.3848
2026-04-02 11:26:00,2037.05,2037.75,2037.0,2037.75,40.0778
2026-04-02 11:27:00,2037.75,2038.0,2037.56,2037.99,36.0952
2026-04-02 11:28:00,2038.0,2038.0,2037.5,2037.84,42.9669
2026-04-02 11:29:00,2037.83,2038.0,2037.53,2037.6,25.7984
2026-04-02 11:30:00,2037.59,2038.87,2037.19,2038.56,105.4742
2026-04-02 11:31:00,2038.57,2038.57,2037.36,2038.29,42.4665
2026-04-02 11:32:00,2038.29,2038.9,2037.84,2037.94,45.5912
2026-04-02 11:33:00,2037.93,2038.37,2037.14,2037.15,82.3358
2026-04-02 11:34:00,2037.15,2037.15,2035.17,2035.18,140.973
2026-04-02 11:35:00,2035.17,2036.27,2035.17,2036.0,40.211
2026-04-02 11:36:00,2035.99,2036.61,2035.62,2035.98,50.3228
2026-04-02 11:37:00,2035.99,2036.04,2033.7,2033.96,119.6412
2026-04-02 11:38:00,2033.95,2034.22,2032.2,2034.04,275.1045
2026-04-02 11:39:00,2034.04,2034.1,2033.3,2033.99,66.4084
2026-04-02 11:40:00,2033.98,2034.02,2033.26,2034.02,32.1091
2026-04-02 11:41:00,2034.01,2034.58,2034.01,2034.23,38.9793
2026-04-02 11:42:00,2034.24,2034.24,2033.16,2034.02,53.4995
2026-04-02 11:43:00,2034.01,2034.58,2034.01,2034.58,35.252
2026-04-02 11:44:00,2034.57,2034.89,2034.44,2034.45,19.222
2026-04-02 11:45:00,2034.46,2034.94,2034.46,2034.7,48.9863
2026-04-02 11:46:00,2034.7,2035.11,2034.45,2034.46,126.793
2026-04-02 11:47:00,2034.46,2034.46,2033.81,2033.82,49.4254
2026-04-02 11:48:00,2033.82,2033.91,2033.54,2033.66,57.7178
2026-04-02 11:49:00,2033.66,2034.05,2033.12,2034.05,190.677
2026-04-02 11:50:00,2034.05,2036.04,2034.04,2035.0,60.2258
2026-04-02 11:51:00,2035.01,2036.03,2035.0,2035.21,61.9185
2026-04-02 11:52:00,2035.22,2035.22,2033.4,2033.64,120.8785
2026-04-02 11:53:00,2033.64,2033.67,2033.01,2033.61,52.7536
2026-04-02 11:54:00,2033.6,2034.3,2033.53,2034.0,66.7958
2026-04-02 11:55:00,2034.0,2034.54,2032.61,2033.08,67.6692
2026-04-02 11:56:00,2033.08,2033.34,2032.55,2032.55,68.2045
2026-04-02 11:57:00,2032.55,2032.8,2032.26,2032.47,77.4464
2026-04-02 11:58:00,2032.47,2033.4,2032.46,2033.4,42.1094
2026-04-02 11:59:00,2033.39,2034.11,2033.01,2033.01,38.6735
2026-04-02 12:00:00,2033.02,2033.25,2030.91,2032.58,152.3452
2026-04-02 12:01:00,2032.58,2033.18,2029.0,2030.44,422.8887
2026-04-02 12:02:00,2030.44,2032.58,2028.74,2030.99,163.6451
2026-04-02 12:03:00,2030.98,2032.28,2030.81,2031.05,177.3792
2026-04-02 12:04:00,2031.04,2031.05,2027.74,2029.68,334.6683
2026-04-02 12:05:00,2029.69,2030.65,2029.62,2030.64,115.3491
2026-04-02 12:06:00,2030.64,2031.0,2030.64,2031.0,18.1893
2026-04-02 12:07:00,2030.99,2032.29,2030.64,2030.65,124.3579
2026-04-02 12:08:00,2030.65,2030.84,2028.35,2028.9,218.7838
2026-04-02 12:09:00,2028.91,2029.49,2026.54,2029.33,210.1617
2026-04-02 12:10:00,2029.33,2029.78,2027.5,2028.1,112.1429
2026-04-02 12:11:00,2028.11,2028.19,2026.77,2026.92,114.3562
2026-04-02 12:12:00,2026.91,2030.5,2026.85,2030.5,182.7744
2026-04-02 12:13:00,2030.5,2031.84,2029.69,2030.23,100.9414
2026-04-02 12:14:00,2030.23,2030.53,2029.53,2029.53,52.4934
2026-04-02 12:15:00,2029.54,2030.06,2028.39,2028.4,58.1521
2026-04-02 12:16:00,2028.4,2028.44,2027.5,2027.6,51.219
2026-04-02 12:17:00,2027.61,2028.14,2026.99,2027.0,240.6349
2026-04-02 12:18:00,2026.99,2028.69,2026.99,2027.86,441.3387
2026-04-02 12:19:00,2027.86,2028.2,2027.5,2027.5,120.6509
2026-04-02 12:20:00,2027.49,2028.2,2026.49,2026.49,251.3809
2026-04-02 12:21:00,2026.5,2026.69,2024.82,2025.62,546.9249
2026-04-02 12:22:00,2025.63,2026.29,2024.42,2026.17,240.7139
2026-04-02 12:23:00,2026.18,2031.24,2026.18,2029.18,309.5463
2026-04-02 12:24:00,2029.18,2034.03,2028.96,2032.5,1455.8086
2026-04-02 12:25:00,2032.5,2033.36,2031.17,2031.17,222.422
2026-04-02 12:26:00,2031.17,2032.1,2031.03,2031.96,133.949
2026-04-02 12:27:00,2031.96,2032.04,2031.22,2031.66,138.4375
2026-04-02 12:28:00,2031.66,2032.3,2031.65,2031.73,591.618
2026-04-02 12:29:00,2031.72,2031.72,2030.99,2031.12,168.3032
2026-04-02 12:30:00,2031.12,2031.24,2029.23,2029.23,238.6092
2026-04-02 12:31:00,2029.22,2029.76,2028.86,2029.74,97.4396
2026-04-02 12:32:00,2029.75,2031.35,2029.75,2029.99,122.3523
2026-04-02 12:33:00,2030.0,2031.35,2029.99,2031.12,95.4696
2026-04-02 12:34:00,2031.12,2031.12,2029.35,2029.52,71.673
2026-04-02 12:35:00,2029.52,2031.41,2028.54,2031.29,133.5862
2026-04-02 12:36:00,2031.28,2031.79,2029.28,2029.28,95.0732
2026-04-02 12:37:00,2029.28,2029.29,2028.0,2028.18,340.6628
2026-04-02 12:38:00,2028.17,2029.61,2028.17,2029.5,39.5137
2026-04-02 12:39:00,2029.5,2030.69,2028.82,2030.68,97.0389
2026-04-02 12:40:00,2030.68,2032.06,2030.38,2031.69,195.6563
2026-04-02 12:41:00,2031.68,2031.71,2031.17,2031.33,89.8471
2026-04-02 12:42:00,2031.33,2031.34,2029.69,2030.48,73.5013
2026-04-02 12:43:00,2030.48,2031.62,2030.38,2030.48,181.2285
2026-04-02 12:44:00,2030.49,2031.33,2030.28,2031.02,74.8992
2026-04-02 12:45:00,2031.02,2031.71,2030.43,2031.71,150.287
2026-04-02 12:46:00,2031.71,2032.74,2029.79,2029.79,214.8271
2026-04-02 12:47:00,2029.79,2029.86,2029.13,2029.25,83.5118
2026-04-02 12:48:00,2029.25,2030.15,2028.66,2029.11,122.3634
2026-04-02 12:49:00,2029.11,2029.12,2027.69,2028.82,470.91
2026-04-02 12:50:00,2028.81,2030.5,2028.81,2029.65,76.6451
2026-04-02 12:51:00,2029.65,2030.11,2029.07,2029.12,82.6288
2026-04-02 12:52:00,2029.13,2029.13,2027.91,2028.48,82.7798
2026-04-02 12:53:00,2028.48,2028.79,2027.39,2027.46,47.3117
2026-04-02 12:54:00,2027.45,2028.62,2027.21,2027.76,59.1931
2026-04-02 12:55:00,2027.76,2028.81,2027.76,2027.99,62.6342
2026-04-02 12:56:00,2028.0,2028.85,2027.73,2028.85,60.4661
2026-04-02 12:57:00,2028.84,2028.84,2026.88,2027.85,112.8204
2026-04-02 12:58:00,2027.84,2027.84,2026.55,2026.56,63.2007
2026-04-02 12:59:00,2026.55,2027.21,2026.11,2026.98,180.1143
2026-04-02 13:00:00,2026.98,2028.08,2026.75,2027.75,172.1753
2026-04-02 13:01:00,2027.76,2028.24,2027.08,2027.57,162.0814
2026-04-02 13:02:00,2027.58,2028.01,2020.01,2022.09,968.1335
2026-04-02 13:03:00,2022.1,2024.65,2022.1,2023.54,309.6482
2026-04-02 13:04:00,2023.54,2024.23,2021.61,2024.22,216.4274
2026-04-02 13:05:00,2024.23,2025.49,2024.01,2025.49,168.3039
2026-04-02 13:06:00,2025.48,2030.5,2025.48,2028.24,391.8058
2026-04-02 13:07:00,2028.25,2028.54,2026.45,2026.64,120.2883
2026-04-02 13:08:00,2026.63,2026.64,2023.8,2023.87,146.4845
2026-04-02 13:09:00,2023.88,2025.16,2023.88,2024.56,83.8921
2026-04-02 13:10:00,2024.56,2024.76,2022.22,2024.41,123.2789
2026-04-02 13:11:00,2024.41,2024.41,2022.78,2022.86,148.4033
2026-04-02 13:12:00,2022.87,2022.87,2021.07,2021.78,238.383
2026-04-02 13:13:00,2021.79,2023.77,2021.79,2022.43,306.4765
2026-04-02 13:14:00,2022.42,2022.72,2022.26,2022.26,93.7333
2026-04-02 13:15:00,2022.26,2023.51,2020.46,2022.87,512.9853
2026-04-02 13:16:00,2022.87,2024.29,2022.79,2023.39,113.3562
2026-04-02 13:17:00,2023.38,2023.38,2022.0,2023.29,101.0624
2026-04-02 13:18:00,2023.29,2023.52,2021.23,2022.88,246.163
2026-04-02 13:19:00,2022.88,2022.88,2021.49,2021.61,85.1636
2026-04-02 13:20:00,2021.62,2022.89,2021.31,2022.32,182.8285
2026-04-02 13:21:00,2022.32,2023.26,2022.18,2022.93,164.3454
2026-04-02 13:22:00,2022.93,2024.05,2022.68,2022.79,277.3384
2026-04-02 13:23:00,2022.79,2022.79,2022.0,2022.78,209.3667
2026-04-02 13:24:00,2022.78,2026.85,2022.78,2026.09,253.0092
2026-04-02 13:25:00,2026.08,2027.54,2025.97,2027.14,263.8172
2026-04-02 13:26:00,2027.15,2027.41,2027.11,2027.13,118.4861
2026-04-02 13:27:00,2027.12,2028.11,2027.04,2028.11,176.2282
2026-04-02 13:28:00,2028.12,2033.81,2028.12,2031.53,623.6176
2026-04-02 13:29:00,2031.53,2032.12,2030.51,2030.64,197.5304
2026-04-02 13:30:00,2030.64,2033.63,2028.77,2030.14,775.7198
2026-04-02 13:31:00,2030.15,2030.21,2027.35,2029.62,264.7048
2026-04-02 13:32:00,2029.62,2029.62,2024.21,2024.21,602.4626
2026-04-02 13:33:00,2024.2,2024.6,2021.56,2024.57,496.5491
2026-04-02 13:34:00,2024.58,2025.22,2023.9,2024.77,242.5779
2026-04-02 13:35:00,2024.77,2024.77,2017.04,2018.55,1769.7098
2026-04-02 13:36:00,2018.55,2021.84,2018.54,2020.06,337.809
2026-04-02 13:37:00,2020.06,2022.75,2020.05,2020.79,224.2664
2026-04-02 13:38:00,2020.79,2024.62,2020.46,2022.5,258.1131
2026-04-02 13:39:00,2022.51,2022.95,2018.71,2018.83,420.6998
2026-04-02 13:40:00,2018.82,2021.2,2017.4,2020.05,538.603
2026-04-02 13:41:00,2020.04,2021.44,2018.04,2021.43,364.4357
2026-04-02 13:42:00,2021.43,2021.48,2018.3,2018.39,222.1046
2026-04-02 13:43:00,2018.39,2019.69,2017.61,2019.17,175.3299
2026-04-02 13:44:00,2019.17,2020.46,2018.48,2020.33,295.0322
2026-04-02 13:45:00,2020.32,2023.19,2018.87,2021.27,369.3855
2026-04-02 13:46:00,2021.27,2023.93,2021.06,2023.77,417.9038
2026-04-02 13:47:00,2023.76,2026.3,2022.65,2025.16,899.6072
2026-04-02 13:48:00,2025.15,2025.15,2023.43,2025.05,320.9861
2026-04-02 13:49:00,2025.04,2029.08,2025.03,2027.15,705.2478
2026-04-02 13:50:00,2027.15,2029.78,2026.56,2028.52,295.9163
2026-04-02 13:51:00,2028.52,2032.98,2028.52,2031.06,475.3994
2026-04-02 13:52:00,2031.07,2031.9,2029.37,2030.07,216.2257
2026-04-02 13:53:00,2030.08,2033.34,2029.74,2030.32,578.7965
2026-04-02 13:54:00,2030.32,2031.94,2029.54,2030.28,316.2005
2026-04-02 13:55:00,2030.29,2032.5,2029.94,2031.35,282.7323
2026-04-02 13:56:00,2031.35,2032.68,2031.35,2032.39,266.2639
2026-04-02 13:57:00,2032.4,2035.55,2032.39,2035.51,465.4394
2026-04-02 13:58:00,2035.51,2037.2,2034.29,2035.2,392.0795
2026-04-02 13:59:00,2035.19,2041.02,2035.01,2038.81,1685.9449
2026-04-02 14:00:00,2038.81,2039.41,2036.56,2037.12,751.1441
2026-04-02 14:01:00,2037.12,2037.47,2035.33,2035.69,483.6164
2026-04-02 14:02:00,2035.69,2036.93,2034.0,2035.31,317.1563
2026-04-02 14:03:00,2035.31,2035.39,2033.04,2034.95,363.0101
2026-04-02 14:04:00,2034.94,2036.25,2034.43,2034.78,175.7225
2026-04-02 14:05:00,2034.78,2035.62,2032.99,2035.07,216.4399
2026-04-02 14:06:00,2035.06,2041.72,2035.06,2041.72,407.9595
2026-04-02 14:07:00,2041.71,2041.72,2037.61,2038.33,443.3376
2026-04-02 14:08:00,2038.32,2038.32,2035.88,2036.92,378.9239
2026-04-02 14:09:00,2036.92,2039.32,2036.55,2038.57,275.121
2026-04-02 14:10:00,2038.56,2038.56,2036.1,2038.29,552.1871
2026-04-02 14:11:00,2038.29,2042.57,2038.0,2040.44,501.9801
2026-04-02 14:12:00,2040.44,2041.67,2039.56,2040.76,197.7575
2026-04-02 14:13:00,2040.75,2041.44,2040.2,2040.62,2478.9074
2026-04-02 14:14:00,2040.61,2041.2,2039.32,2039.32,1655.2506
2026-04-02 14:15:00,2039.33,2039.33,2037.49,2039.07,373.5246
2026-04-02 14:16:00,2039.08,2044.95,2037.86,2038.5,1187.7338
2026-04-02 14:17:00,2038.5,2039.42,2037.32,2039.32,345.0033
2026-04-02 14:18:00,2039.32,2043.5,2038.51,2043.41,466.8321
2026-04-02 14:19:00,2043.41,2044.56,2042.46,2042.68,784.5161
2026-04-02 14:20:00,2042.68,2042.68,2040.99,2041.03,293.3426
2026-04-02 14:21:00,2041.02,2045.0,2040.89,2044.39,350.2761
2026-04-02 14:22:00,2044.39,2046.99,2044.0,2046.53,518.2134
2026-04-02 14:23:00,2046.53,2049.28,2045.5,2047.89,486.6348
2026-04-02 14:24:00,2047.9,2048.41,2045.95,2046.48,475.7233
2026-04-02 14:25:00,2046.48,2046.49,2041.5,2042.46,486.282
2026-04-02 14:26:00,2042.45,2043.85,2042.28,2042.33,2534.2723
2026-04-02 14:27:00,2042.32,2042.32,2039.75,2039.76,283.3877
2026-04-02 14:28:00,2039.76,2040.21,2037.47,2039.77,681.8505
2026-04-02 14:29:00,2039.77,2039.77,2037.2,2038.47,210.2862
2026-04-02 14:30:00,2038.48,2041.36,2038.0,2041.23,147.2537
2026-04-02 14:31:00,2041.23,2043.16,2041.23,2042.21,184.6949
2026-04-02 14:32:00,2042.22,2045.24,2041.19,2044.64,277.3547
2026-04-02 14:33:00,2044.63,2053.7,2044.13,2053.15,1035.0264
2026-04-02 14:34:00,2053.15,2053.15,2050.68,2050.98,434.2526
2026-04-02 14:35:00,2050.98,2060.0,2050.56,2057.36,1258.1412
2026-04-02 14:36:00,2057.35,2067.25,2055.12,2063.4,3182.6675
2026-04-02 14:37:00,2063.39,2071.22,2061.47,2062.96,2029.0962
2026-04-02 14:38:00,2062.96,2062.96,2057.06,2059.5,1248.8822
2026-04-02 14:39:00,2059.5,2062.62,2055.26,2060.42,711.6667
2026-04-02 14:40:00,2060.41,2060.97,2056.69,2059.33,316.3462
2026-04-02 14:41:00,2059.34,2060.63,2056.81,2057.66,338.2229
2026-04-02 14:42:00,2057.67,2061.08,2057.38,2058.53,666.3402
2026-04-02 14:43:00,2058.53,2063.47,2057.25,2061.69,685.6301
2026-04-02 14:44:00,2061.68,2071.56,2061.3,2070.83,1825.1988
2026-04-02 14:45:00,2070.83,2072.22,2067.07,2067.07,544.3843
2026-04-02 14:46:00,2067.06,2067.06,2062.09,2063.39,601.0206
2026-04-02 14:47:00,2063.38,2065.0,2061.9,2063.73,342.8644
2026-04-02 14:48:00,2063.74,2063.87,2060.21,2060.25,383.8776
2026-04-02 14:49:00,2060.24,2061.49,2058.16,2058.85,541.6565
2026-04-02 14:50:00,2058.85,2060.69,2056.66,2058.77,348.7373
2026-04-02 14:51:00,2058.77,2059.97,2057.61,2059.39,185.3674
2026-04-02 14:52:00,2059.38,2062.92,2058.76,2062.72,497.3425
2026-04-02 14:53:00,2062.73,2064.39,2061.24,2061.52,316.9511
2026-04-02 14:54:00,2061.52,2064.48,2061.52,2063.69,233.7787
2026-04-02 14:55:00,2063.7,2067.99,2063.7,2066.51,398.6741
2026-04-02 14:56:00,2066.5,2070.26,2064.84,2065.49,519.84
2026-04-02 14:57:00,2065.49,2066.66,2063.76,2065.6,341.6337
2026-04-02 14:58:00,2065.6,2067.94,2064.7,2067.73,193.5564
2026-04-02 14:59:00,2067.73,2067.73,2063.82,2063.82,216.5102
2026-04-02 15:00:00,2063.82,2064.66,2058.93,2060.02,1127.3449
2026-04-02 15:01:00,2060.02,2061.35,2058.62,2059.93,667.3126
2026-04-02 15:02:00,2059.93,2061.36,2059.64,2060.23,272.3682
2026-04-02 15:03:00,2060.24,2063.7,2060.12,2063.66,304.6971
2026-04-02 15:04:00,2063.65,2065.48,2061.63,2064.55,196.0977
2026-04-02 15:05:00,2064.54,2064.76,2061.31,2061.46,173.8487
2026-04-02 15:06:00,2061.45,2062.62,2061.4,2061.78,188.619
2026-04-02 15:07:00,2061.78,2061.89,2060.48,2060.49,191.0946
2026-04-02 15:08:00,2060.49,2062.98,2060.16,2061.65,271.5389
2026-04-02 15:09:00,2061.65,2062.82,2060.95,2062.82,120.5274
2026-04-02 15:10:00,2062.82,2066.25,2062.67,2065.84,204.9005
2026-04-02 15:11:00,2065.84,2067.89,2065.29,2065.77,776.3736
2026-04-02 15:12:00,2065.77,2067.35,2064.62,2066.46,275.2258
2026-04-02 15:13:00,2066.46,2066.47,2064.99,2064.99,97.5167
2026-04-02 15:14:00,2064.98,2064.98,2062.87,2063.7,157.7154
2026-04-02 15:15:00,2063.7,2063.7,2061.11,2061.47,256.0785
2026-04-02 15:16:00,2061.47,2061.61,2060.59,2061.61,399.1255
2026-04-02 15:17:00,2061.61,2062.71,2060.41,2060.41,173.9023
2026-04-02 15:18:00,2060.41,2061.09,2058.86,2061.09,259.2526
2026-04-02 15:19:00,2061.1,2061.83,2056.77,2057.4,296.6275
2026-04-02 15:20:00,2057.4,2057.41,2049.85,2051.8,1242.3424
2026-04-02 15:21:00,2051.8,2053.0,2048.61,2051.66,385.6082
2026-04-02 15:22:00,2051.66,2052.52,2048.6,2049.27,614.8922
2026-04-02 15:23:00,2049.26,2051.03,2048.95,2050.41,600.8609
2026-04-02 15:24:00,2050.4,2053.27,2050.4,2052.12,391.194
2026-04-02 15:25:00,2052.13,2052.13,2050.42,2051.79,127.606
2026-04-02 15:26:00,2051.8,2054.1,2051.79,2054.04,138.4608
2026-04-02 15:27:00,2054.04,2054.99,2053.33,2054.99,108.1596
2026-04-02 15:28:00,2055.0,2056.77,2055.0,2055.89,370.7792
2026-04-02 15:29:00,2055.88,2056.69,2054.45,2056.13,133.0277
2026-04-02 15:30:00,2056.14,2056.92,2055.33,2055.52,151.2094
2026-04-02 15:31:00,2055.51,2055.51,2053.75,2053.76,157.4444
2026-04-02 15:32:00,2053.75,2054.74,2053.59,2054.5,137.0451
2026-04-02 15:33:00,2054.5,2054.5,2051.91,2052.12,137.8907
2026-04-02 15:34:00,2052.12,2055.04,2052.12,2055.04,142.0741
2026-04-02 15:35:00,2055.04,2056.21,2053.99,2055.21,1148.6827
2026-04-02 15:36:00,2055.2,2058.88,2054.92,2058.72,199.6749
2026-04-02 15:37:00,2058.72,2063.33,2058.71,2060.95,691.8329
2026-04-02 15:38:00,2060.94,2062.57,2059.78,2061.59,355.5994
2026-04-02 15:39:00,2061.6,2062.56,2059.9,2061.02,267.8246
2026-04-02 15:40:00,2061.02,2062.01,2058.93,2059.22,214.7523
2026-04-02 15:41:00,2059.21,2059.5,2056.4,2057.14,190.3964
2026-04-02 15:42:00,2057.14,2058.57,2057.14,2057.63,73.067
2026-04-02 15:43:00,2057.64,2059.21,2057.64,2059.21,73.699
2026-04-02 15:44:00,2059.22,2065.28,2059.22,2064.7,508.2126
2026-04-02 15:45:00,2064.7,2065.41,2062.05,2062.2,201.6799
2026-04-02 15:46:00,2062.19,2063.89,2062.13,2062.83,108.8466
2026-04-02 15:47:00,2062.82,2063.0,2061.86,2062.84,79.413
2026-04-02 15:48:00,2062.84,2063.49,2057.12,2058.15,329.8133
2026-04-02 15:49:00,2058.17,2059.58,2058.17,2058.4,101.4039
2026-04-02 15:50:00,2058.4,2058.4,2054.98,2056.93,372.1654
2026-04-02 15:51:00,2056.93,2057.96,2055.52,2056.15,124.387
2026-04-02 15:52:00,2056.14,2058.45,2056.14,2058.38,63.5065
2026-04-02 15:53:00,2058.37,2058.4,2057.7,2057.7,61.2703
2026-04-02 15:54:00,2057.7,2060.53,2057.7,2060.21,115.9376
2026-04-02 15:55:00,2060.2,2060.44,2058.7,2060.43,108.7535
2026-04-02 15:56:00,2060.43,2061.2,2058.84,2058.88,79.5573
2026-04-02 15:57:00,2058.89,2059.27,2057.7,2059.26,70.5677
2026-04-02 15:58:00,2059.27,2059.43,2058.21,2058.7,119.3391
2026-04-02 15:59:00,2058.69,2060.0,2058.69,2059.6,90.1601
2026-04-02 16:00:00,2059.59,2059.59,2058.0,2058.02,66.2502
2026-04-02 16:01:00,2058.03,2059.76,2058.03,2059.43,87.7665
2026-04-02 16:02:00,2059.44,2060.43,2058.99,2059.46,152.528
2026-04-02 16:03:00,2059.45,2059.45,2058.0,2058.56,82.891
2026-04-02 16:04:00,2058.57,2058.57,2055.83,2056.46,886.1516
2026-04-02 16:05:00,2056.46,2058.38,2056.46,2057.97,57.1172
2026-04-02 16:06:00,2057.98,2058.96,2056.25,2057.31,284.4602
2026-04-02 16:07:00,2057.3,2058.12,2056.65,2058.02,43.6753
2026-04-02 16:08:00,2058.02,2059.35,2056.17,2057.0,1474.9781
2026-04-02 16:09:00,2057.0,2060.32,2057.0,2059.67,153.0241
2026-04-02 16:10:00,2059.68,2060.56,2059.51,2059.51,100.898
2026-04-02 16:11:00,2059.52,2061.32,2059.42,2060.76,1092.1621
2026-04-02 16:12:00,2060.76,2061.52,2059.76,2060.21,179.8626
2026-04-02 16:13:00,2060.22,2061.33,2059.9,2059.9,113.485
2026-04-02 16:14:00,2059.9,2059.9,2058.14,2058.22,1162.2558
2026-04-02 16:15:00,2058.22,2058.24,2055.02,2056.2,282.2704
2026-04-02 16:16:00,2056.19,2057.49,2055.91,2055.91,133.7216
2026-04-02 16:17:00,2055.92,2056.88,2055.41,2056.71,238.0302
2026-04-02 16:18:00,2056.72,2058.13,2056.72,2057.8,173.4465
2026-04-02 16:19:00,2057.8,2058.03,2055.02,2055.02,243.9444
2026-04-02 16:20:00,2055.02,2055.09,2052.52,2053.46,3179.3774
2026-04-02 16:21:00,2053.46,2055.48,2053.36,2055.18,239.9665
2026-04-02 16:22:00,2055.18,2057.07,2055.0,2056.46,165.7197
2026-04-02 16:23:00,2056.46,2057.58,2054.45,2054.82,272.1668
2026-04-02 16:24:00,2054.82,2055.73,2054.26,2054.26,125.2794
2026-04-02 16:25:00,2054.26,2054.88,2052.66,2052.78,261.7709
2026-04-02 16:26:00,2052.78,2055.4,2052.78,2055.28,185.0653
2026-04-02 16:27:00,2055.29,2056.95,2055.29,2056.94,121.7324
2026-04-02 16:28:00,2056.95,2059.34,2056.95,2057.93,132.5569
2026-04-02 16:29:00,2057.94,2058.4,2057.57,2058.11,41.7682
2026-04-02 16:30:00,2058.11,2058.75,2057.71,2057.94,106.9046
2026-04-02 16:31:00,2057.93,2060.27,2057.72,2059.22,162.8754
2026-04-02 16:32:00,2059.23,2063.0,2059.23,2062.9,414.6952
2026-04-02 16:33:00,2062.9,2064.88,2061.75,2064.88,1470.587
2026-04-02 16:34:00,2064.88,2065.12,2062.82,2064.96,433.4005
2026-04-02 16:35:00,2064.97,2065.99,2063.95,2065.74,413.7394
2026-04-02 16:36:00,2065.74,2065.99,2062.51,2065.45,306.3237
2026-04-02 16:37:00,2065.45,2069.67,2065.03,2067.14,642.8906
2026-04-02 16:38:00,2067.13,2067.13,2064.28,2066.19,135.8212
2026-04-02 16:39:00,2066.19,2067.88,2065.89,2066.91,110.9394
2026-04-02 16:40:00,2066.92,2077.64,2066.91,2069.74,1486.5169
2026-04-02 16:41:00,2069.74,2069.75,2067.3,2067.3,176.2774
2026-04-02 16:42:00,2067.31,2069.52,2067.31,2069.0,219.1831
2026-04-02 16:43:00,2068.99,2068.99,2067.64,2068.5,70.997
2026-04-02 16:44:00,2068.51,2069.12,2067.77,2067.8,156.182
2026-04-02 16:45:00,2067.81,2069.14,2067.5,2069.13,83.4052
2026-04-02 16:46:00,2069.14,2071.04,2068.88,2068.99,203.1967
2026-04-02 16:47:00,2068.98,2068.98,2066.24,2066.98,148.8195
2026-04-02 16:48:00,2066.97,2066.97,2065.5,2065.7,87.0891
2026-04-02 16:49:00,2065.7,2066.8,2065.7,2066.45,148.2797
2026-04-02 16:50:00,2066.45,2068.09,2066.45,2066.8,94.6899
2026-04-02 16:51:00,2066.8,2067.77,2065.77,2067.77,101.693
2026-04-02 16:52:00,2067.78,2068.12,2066.87,2066.99,52.6264
2026-04-02 16:53:00,2066.98,2067.26,2066.15,2066.68,88.1692
2026-04-02 16:54:00,2066.68,2067.87,2066.68,2066.81,59.8172
2026-04-02 16:55:00,2066.81,2067.05,2065.85,2066.29,78.1082
2026-04-02 16:56:00,2066.29,2066.29,2064.62,2064.69,130.3377
2026-04-02 16:57:00,2064.69,2065.75,2064.69,2064.87,81.581
2026-04-02 16:58:00,2064.86,2065.11,2064.28,2064.52,129.9321
2026-04-02 16:59:00,2064.52,2064.79,2063.31,2063.31,66.3376
2026-04-02 17:00:00,2063.32,2063.74,2061.12,2061.12,232.4465
2026-04-02 17:01:00,2061.11,2061.11,2058.98,2058.98,184.9392
2026-04-02 17:02:00,2058.98,2059.04,2056.02,2056.17,428.4415
2026-04-02 17:03:00,2056.17,2058.52,2055.64,2058.42,218.8378
2026-04-02 17:04:00,2058.42,2059.1,2057.44,2057.44,59.8086
2026-04-02 17:05:00,2057.44,2057.91,2055.79,2057.35,63.7205
2026-04-02 17:06:00,2057.35,2060.48,2057.3,2060.12,248.3689
2026-04-02 17:07:00,2060.12,2060.77,2059.07,2060.77,154.2235
2026-04-02 17:08:00,2060.77,2061.01,2059.43,2059.6,122.5051
2026-04-02 17:09:00,2059.61,2062.49,2059.4,2062.29,57.8675
2026-04-02 17:10:00,2062.29,2062.75,2060.89,2060.9,149.4159
2026-04-02 17:11:00,2060.9,2062.55,2060.9,2061.56,70.9216
2026-04-02 17:12:00,2061.56,2063.22,2061.56,2063.21,64.1587
2026-04-02 17:13:00,2063.21,2065.0,2063.16,2064.85,80.4858
2026-04-02 17:14:00,2064.85,2066.44,2064.69,2064.93,202.2678
2026-04-02 17:15:00,2064.93,2067.17,2064.58,2066.59,135.838
2026-04-02 17:16:00,2066.59,2072.0,2066.19,2069.5,904.2059
2026-04-02 17:17:00,2069.5,2070.12,2068.34,2070.12,305.447
2026-04-02 17:18:00,2070.11,2071.59,2069.41,2069.41,496.7891
2026-04-02 17:19:00,2069.41,2069.6,2068.08,2068.38,109.8108
2026-04-02 17:20:00,2068.39,2069.25,2068.08,2068.92,113.925
2026-04-02 17:21:00,2068.93,2069.3,2068.57,2068.66,45.3155
2026-04-02 17:22:00,2068.66,2068.66,2067.82,2068.56,57.3769
2026-04-02 17:23:00,2068.56,2068.85,2067.88,2068.85,73.685
2026-04-02 17:24:00,2068.86,2069.7,2068.86,2069.27,33.0023
2026-04-02 17:25:00,2069.26,2069.63,2067.72,2067.85,138.5956
2026-04-02 17:26:00,2067.84,2067.85,2066.96,2066.97,46.7991
2026-04-02 17:27:00,2066.97,2067.9,2066.96,2067.85,24.0988
2026-04-02 17:28:00,2067.84,2068.03,2067.27,2067.28,38.9619
2026-04-02 17:29:00,2067.27,2067.27,2065.85,2065.86,54.3682
2026-04-02 17:30:00,2065.85,2066.15,2065.52,2065.53,75.5021
2026-04-02 17:31:00,2065.52,2065.54,2064.22,2064.22,139.3553
2026-04-02 17:32:00,2064.22,2064.23,2063.67,2063.92,140.4924
2026-04-02 17:33:00,2063.92,2064.07,2060.58,2060.72,367.0189
2026-04-02 17:34:00,2060.71,2062.84,2059.5,2059.5,436.6525
2026-04-02 17:35:00,2059.51,2060.87,2058.66,2060.02,275.9311
2026-04-02 17:36:00,2060.02,2060.74,2059.81,2060.41,115.8569
2026-04-02 17:37:00,2060.42,2061.24,2059.91,2060.85,67.444
2026-04-02 17:38:00,2060.85,2060.85,2058.84,2058.84,62.8875
2026-04-02 17:39:00,2058.85,2060.48,2058.84,2060.47,61.5083
2026-04-02 17:40:00,2060.48,2061.42,2059.7,2060.39,84.4682
2026-04-02 17:41:00,2060.39,2060.96,2058.86,2058.96,112.6556
2026-04-02 17:42:00,2058.96,2058.96,2057.49,2058.58,170.9184
2026-04-02 17:43:00,2058.57,2058.57,2057.24,2057.9,155.8986
2026-04-02 17:44:00,2057.9,2059.18,2057.9,2059.18,19.6903
2026-04-02 17:45:00,2059.19,2059.5,2058.19,2058.19,107.3647
2026-04-02 17:46:00,2058.2,2058.2,2056.5,2057.26,222.076
2026-04-02 17:47:00,2057.26,2057.26,2054.09,2054.57,366.1605
2026-04-02 17:48:00,2054.56,2055.76,2053.75,2053.89,247.6468
2026-04-02 17:49:00,2053.89,2053.89,2050.15,2050.59,1167.0888
2026-04-02 17:50:00,2050.59,2052.46,2050.59,2051.71,130.7633
2026-04-02 17:51:00,2051.71,2052.11,2049.14,2049.93,399.0917
2026-04-02 17:52:00,2049.93,2051.09,2049.79,2050.98,126.9779
2026-04-02 17:53:00,2050.98,2051.31,2050.35,2050.81,69.7231
2026-04-02 17:54:00,2050.81,2050.81,2049.61,2050.47,131.203
2026-04-02 17:55:00,2050.47,2051.2,2049.26,2049.32,100.0986
2026-04-02 17:56:00,2049.33,2049.35,2049.0,2049.24,36.3761
2026-04-02 17:57:00,2049.25,2050.02,2047.44,2048.24,166.5028
2026-04-02 17:58:00,2048.24,2048.25,2044.5,2046.68,591.6651
2026-04-02 17:59:00,2046.68,2047.62,2046.41,2047.23,82.3726
2026-04-02 18:00:00,2047.22,2049.01,2047.22,2048.95,148.3026
2026-04-02 18:01:00,2048.95,2049.64,2047.36,2047.36,182.6048
2026-04-02 18:02:00,2047.35,2047.54,2045.31,2045.5,312.0254
2026-04-02 18:03:00,2045.5,2046.59,2045.22,2045.81,118.6244
2026-04-02 18:04:00,2045.8,2047.69,2045.49,2047.69,160.8306
2026-04-02 18:05:00,2047.68,2050.84,2047.05,2047.93,376.4888
2026-04-02 18:06:00,2047.93,2047.93,2046.41,2047.71,89.401
2026-04-02 18:07:00,2047.71,2047.85,2046.06,2046.36,34.01
2026-04-02 18:08:00,2046.36,2046.69,2043.65,2044.6,363.1366
2026-04-02 18:09:00,2044.61,2045.92,2044.42,2045.9,85.5732
2026-04-02 18:10:00,2045.9,2048.93,2045.79,2048.91,496.2016
2026-04-02 18:11:00,2048.9,2051.52,2048.75,2050.77,230.1165
2026-04-02 18:12:00,2050.77,2051.11,2049.16,2049.23,203.2235
2026-04-02 18:13:00,2049.23,2049.23,2047.73,2047.73,63.5878
2026-04-02 18:14:00,2047.73,2047.85,2046.75,2047.31,70.482
2026-04-02 18:15:00,2047.31,2047.96,2046.0,2046.4,95.8358
2026-04-02 18:16:00,2046.41,2048.79,2045.31,2048.79,218.2604
2026-04-02 18:17:00,2048.79,2048.9,2047.65,2048.67,66.5638
2026-04-02 18:18:00,2048.68,2050.35,2048.67,2050.35,65.4412
2026-04-02 18:19:00,2050.36,2050.5,2048.93,2049.47,44.0955
2026-04-02 18:20:00,2049.46,2051.0,2049.46,2050.36,38.2152
2026-04-02 18:21:00,2050.37,2050.77,2050.3,2050.3,54.4898
2026-04-02 18:22:00,2050.3,2050.3,2049.29,2049.29,46.9017
2026-04-02 18:23:00,2049.29,2049.38,2049.0,2049.3,20.3713
2026-04-02 18:24:00,2049.3,2049.75,2048.53,2048.53,44.4967
2026-04-02 18:25:00,2048.52,2048.52,2046.48,2046.76,75.2203
2026-04-02 18:26:00,2046.76,2046.76,2045.15,2045.33,82.4244
2026-04-02 18:27:00,2045.34,2046.84,2045.34,2046.84,43.127
2026-04-02 18:28:00,2046.84,2047.37,2045.0,2045.05,97.9932
2026-04-02 18:29:00,2045.06,2045.17,2044.56,2044.67,86.473
2026-04-02 18:30:00,2044.67,2047.18,2044.67,2046.86,76.4019
2026-04-02 18:31:00,2046.87,2047.51,2046.32,2047.3,57.9115
2026-04-02 18:32:00,2047.31,2048.04,2046.87,2046.87,33.3102
2026-04-02 18:33:00,2046.88,2047.25,2046.61,2047.25,24.6861
2026-04-02 18:34:00,2047.25,2047.83,2047.14,2047.15,33.2358
2026-04-02 18:35:00,2047.14,2047.15,2046.31,2047.14,26.9532
2026-04-02 18:36:00,2047.14,2047.66,2046.76,2047.66,24.8733
2026-04-02 18:37:00,2047.67,2048.41,2047.66,2048.41,16.844
2026-04-02 18:38:00,2048.42,2048.42,2047.02,2047.46,47.0706
2026-04-02 18:39:00,2047.46,2047.47,2046.95,2047.43,37.4043
2026-04-02 18:40:00,2047.43,2050.0,2046.9,2049.79,110.6036
2026-04-02 18:41:00,2049.79,2050.66,2049.57,2049.57,59.3131
2026-04-02 18:42:00,2049.56,2049.57,2048.73,2048.73,38.5007
2026-04-02 18:43:00,2048.74,2048.98,2048.39,2048.46,128.8375
2026-04-02 18:44:00,2048.47,2049.83,2048.47,2049.82,40.7504
2026-04-02 18:45:00,2049.83,2051.3,2049.56,2051.11,80.951
2026-04-02 18:46:00,2051.11,2051.53,2050.68,2051.2,111.912
2026-04-02 18:47:00,2051.19,2055.0,2051.19,2054.37,561.5142
2026-04-02 18:48:00,2054.37,2055.06,2053.45,2053.45,98.274
2026-04-02 18:49:00,2053.45,2054.01,2053.12,2054.01,60.4106
2026-04-02 18:50:00,2054.01,2054.68,2054.01,2054.64,77.0554
2026-04-02 18:51:00,2054.63,2056.5,2054.17,2056.5,284.1982
2026-04-02 18:52:00,2056.51,2059.2,2056.51,2058.4,231.3422
2026-04-02 18:53:00,2058.4,2063.0,2058.3,2061.31,1016.9829
2026-04-02 18:54:00,2061.3,2061.32,2058.0,2058.94,437.3797
2026-04-02 18:55:00,2058.93,2058.94,2058.17,2058.43,177.5343
2026-04-02 18:56:00,2058.43,2058.86,2057.52,2057.83,103.7305
2026-04-02 18:57:00,2057.83,2058.72,2057.56,2057.92,89.7624
2026-04-02 18:58:00,2057.92,2058.73,2057.91,2058.41,195.6337
2026-04-02 18:59:00,2058.41,2058.49,2058.0,2058.32,29.4241
2026-04-02 19:00:00,2058.33,2059.42,2057.83,2058.52,132.022
2026-04-02 19:01:00,2058.53,2059.67,2058.29,2059.33,245.5607
2026-04-02 19:02:00,2059.33,2060.89,2059.33,2059.55,238.9836
2026-04-02 19:03:00,2059.55,2059.56,2058.13,2058.36,63.1995
2026-04-02 19:04:00,2058.35,2058.35,2056.79,2057.35,75.1004
2026-04-02 19:05:00,2057.34,2058.48,2057.34,2057.74,62.4637
2026-04-02 19:06:00,2057.75,2058.95,2057.71,2058.95,26.2039
2026-04-02 19:07:00,2058.94,2058.94,2057.75,2057.75,57.5676
2026-04-02 19:08:00,2057.76,2058.75,2057.36,2057.9,116.9423
2026-04-02 19:09:00,2057.91,2058.11,2057.19,2058.1,55.5168
2026-04-02 19:10:00,2058.1,2059.72,2058.1,2059.71,136.6057
2026-04-02 19:11:00,2059.72,2061.11,2059.72,2060.32,110.3949
2026-04-02 19:12:00,2060.31,2060.99,2059.81,2059.81,40.3855
2026-04-02 19:13:00,2059.82,2060.23,2059.24,2059.51,94.5738
2026-04-02 19:14:00,2059.51,2059.52,2058.96,2059.49,58.6184
2026-04-02 19:15:00,2059.49,2059.64,2058.25,2058.48,44.3803
2026-04-02 19:16:00,2058.48,2058.48,2057.45,2057.97,29.2119
2026-04-02 19:17:00,2057.97,2058.74,2057.97,2058.73,37.993
2026-04-02 19:18:00,2058.74,2059.01,2058.5,2058.5,22.1389
2026-04-02 19:19:00,2058.51,2059.2,2058.5,2059.19,38.8051
2026-04-02 19:20:00,2059.2,2059.2,2058.25,2058.26,58.8028
2026-04-02 19:21:00,2058.25,2058.25,2056.68,2056.68,39.21
2026-04-02 19:22:00,2056.68,2058.51,2056.38,2058.5,61.6174
2026-04-02 19:23:00,2058.5,2060.96,2058.41,2060.25,181.0924
2026-04-02 19:24:00,2060.26,2060.26,2059.16,2059.16,50.059
2026-04-02 19:25:00,2059.16,2062.42,2059.0,2061.3,404.4387
2026-04-02 19:26:00,2061.29,2061.29,2060.02,2060.02,60.4969
2026-04-02 19:27:00,2060.01,2060.59,2059.41,2060.01,58.1134
2026-04-02 19:28:00,2060.02,2060.15,2059.64,2060.02,30.7325
2026-04-02 19:29:00,2060.03,2060.78,2060.03,2060.77,34.2753
2026-04-02 19:30:00,2060.78,2061.39,2059.79,2060.27,86.9391
2026-04-02 19:31:00,2060.27,2061.0,2059.55,2061.0,71.8745
2026-04-02 19:32:00,2061.0,2061.01,2058.39,2058.39,244.3517
2026-04-02 19:33:00,2058.39,2058.4,2055.06,2055.06,133.5456
2026-04-02 19:34:00,2055.06,2057.34,2054.97,2057.34,65.5859
2026-04-02 19:35:00,2057.34,2057.66,2057.21,2057.27,39.9684
2026-04-02 19:36:00,2057.28,2058.18,2056.58,2056.58,92.6634
2026-04-02 19:37:00,2056.57,2056.84,2055.3,2056.24,68.8506
2026-04-02 19:38:00,2056.24,2057.59,2056.24,2057.58,51.3935
2026-04-02 19:39:00,2057.59,2058.7,2057.53,2058.7,45.6019
2026-04-02 19:40:00,2058.69,2061.59,2058.4,2061.58,300.576
2026-04-02 19:41:00,2061.59,2061.85,2060.24,2060.24,94.9017
2026-04-02 19:42:00,2060.24,2060.24,2058.73,2058.74,41.1277
2026-04-02 19:43:00,2058.73,2059.17,2058.24,2059.17,65.2348
2026-04-02 19:44:00,2059.16,2059.42,2058.69,2058.96,32.3019
2026-04-02 19:45:00,2058.96,2059.9,2057.77,2058.39,75.9659
2026-04-02 19:46:00,2058.39,2060.23,2058.38,2059.69,55.2356
2026-04-02 19:47:00,2059.68,2061.46,2059.68,2061.46,73.3042
2026-04-02 19:48:00,2061.47,2061.55,2060.03,2060.03,51.922
2026-04-02 19:49:00,2060.03,2060.13,2059.91,2060.12,16.5638
2026-04-02 19:50:00,2060.13,2064.21,2060.13,2062.73,304.2062
2026-04-02 19:51:00,2062.72,2063.07,2061.97,2063.06,41.5088
2026-04-02 19:52:00,2063.06,2063.09,2062.56,2063.09,71.4027
2026-04-02 19:53:00,2063.09,2063.81,2062.99,2063.28,75.484
2026-04-02 19:54:00,2063.28,2064.99,2063.28,2064.59,100.2494
2026-04-02 19:55:00,2064.58,2065.98,2064.03,2065.48,234.3459
2026-04-02 19:56:00,2065.47,2065.47,2064.81,2065.13,72.0425
2026-04-02 19:57:00,2065.13,2065.69,2064.94,2065.68,120.7897
2026-04-02 19:58:00,2065.69,2066.55,2065.09,2065.53,179.5131
2026-04-02 19:59:00,2065.53,2066.66,2064.35,2065.34,280.9171
2026-04-02 20:00:00,2065.35,2065.86,2063.75,2063.75,137.0123
2026-04-02 20:01:00,2063.76,2064.83,2062.72,2063.01,162.6272
2026-04-02 20:02:00,2063.01,2063.09,2061.06,2061.09,55.8696
2026-04-02 20:03:00,2061.1,2062.05,2061.1,2062.0,120.3249
2026-04-02 20:04:00,2061.99,2062.85,2061.99,2062.7,52.4879
2026-04-02 20:05:00,2062.7,2063.26,2062.41,2063.26,63.2674
2026-04-02 20:06:00,2063.26,2063.42,2062.98,2063.39,46.6413
2026-04-02 20:07:00,2063.4,2064.75,2063.39,2064.74,41.372
2026-04-02 20:08:00,2064.75,2069.88,2064.75,2069.71,773.0045
2026-04-02 20:09:00,2069.71,2070.69,2067.33,2067.45,359.2049
2026-04-02 20:10:00,2067.45,2069.97,2067.45,2068.53,253.6371
2026-04-02 20:11:00,2068.53,2068.54,2066.49,2066.5,180.0568
2026-04-02 20:12:00,2066.5,2066.66,2066.2,2066.66,48.6547
2026-04-02 20:13:00,2066.66,2067.13,2066.66,2066.98,84.7515
2026-04-02 20:14:00,2066.99,2066.99,2065.71,2065.72,79.1957
2026-04-02 20:15:00,2065.71,2066.54,2065.71,2066.54,75.7792
2026-04-02 20:16:00,2066.54,2067.24,2066.54,2067.23,43.3764
2026-04-02 20:17:00,2067.24,2069.61,2066.96,2069.61,307.2789
2026-04-02 20:18:00,2069.62,2069.62,2068.29,2069.43,254.417
2026-04-02 20:19:00,2069.44,2071.46,2069.32,2070.54,346.2188
2026-04-02 20:20:00,2070.54,2070.54,2069.84,2070.15,100.0638
2026-04-02 20:21:00,2070.15,2070.53,2069.27,2069.27,69.9796
2026-04-02 20:22:00,2069.27,2069.27,2068.23,2068.43,42.1605
2026-04-02 20:23:00,2068.43,2069.56,2068.35,2068.36,124.8821
2026-04-02 20:24:00,2068.35,2068.36,2067.25,2067.26,46.6082
2026-04-02 20:25:00,2067.26,2067.26,2066.25,2066.35,33.7191
2026-04-02 20:26:00,2066.36,2066.81,2066.36,2066.54,64.8513
2026-04-02 20:27:00,2066.53,2067.64,2066.1,2067.64,77.9718
2026-04-02 20:28:00,2067.63,2068.68,2067.49,2068.68,58.903
2026-04-02 20:29:00,2068.68,2071.59,2068.5,2071.16,157.0357
2026-04-02 20:30:00,2071.15,2071.56,2070.54,2070.6,43.286
2026-04-02 20:31:00,2070.6,2070.6,2070.26,2070.47,29.7677
2026-04-02 20:32:00,2070.47,2070.47,2069.35,2069.36,73.99
2026-04-02 20:33:00,2069.35,2069.55,2068.5,2068.94,52.716
2026-04-02 20:34:00,2068.94,2069.55,2068.94,2069.13,30.6907
2026-04-02 20:35:00,2069.13,2069.48,2068.7,2069.48,56.8714
2026-04-02 20:36:00,2069.48,2070.18,2069.48,2069.99,38.7117
2026-04-02 20:37:00,2069.98,2071.9,2069.98,2071.78,170.4179
2026-04-02 20:38:00,2071.78,2073.85,2071.78,2072.66,313.4808
2026-04-02 20:39:00,2072.66,2074.07,2071.83,2074.06,152.7126
2026-04-02 20:40:00,2074.06,2074.16,2073.16,2073.31,65.5952
2026-04-02 20:41:00,2073.31,2073.32,2070.85,2071.06,102.1261
2026-04-02 20:42:00,2071.05,2071.33,2070.21,2070.26,122.7755
2026-04-02 20:43:00,2070.26,2070.56,2070.13,2070.14,76.796
2026-04-02 20:44:00,2070.13,2071.37,2070.13,2071.37,82.8912
2026-04-02 20:45:00,2071.38,2071.61,2070.85,2070.86,47.6197
2026-04-02 20:46:00,2070.85,2070.86,2069.49,2069.5,59.871
2026-04-02 20:47:00,2069.49,2069.59,2069.03,2069.58,66.9362
2026-04-02 20:48:00,2069.58,2070.36,2069.34,2069.34,70.9018
2026-04-02 20:49:00,2069.34,2069.66,2068.91,2069.4,141.1825
2026-04-02 20:50:00,2069.4,2069.4,2068.76,2068.83,134.7138
2026-04-02 20:51:00,2068.83,2068.83,2068.48,2068.48,53.5424
2026-04-02 20:52:00,2068.48,2068.49,2067.5,2067.77,62.5156
2026-04-02 20:53:00,2067.77,2067.9,2067.76,2067.9,26.0942
2026-04-02 20:54:00,2067.91,2069.89,2067.9,2069.11,562.7814
2026-04-02 20:55:00,2069.11,2069.11,2068.26,2068.41,48.8685
2026-04-02 20:56:00,2068.41,2068.58,2068.41,2068.57,22.78
2026-04-02 20:57:00,2068.58,2068.58,2068.45,2068.53,21.5533
2026-04-02 20:58:00,2068.53,2069.12,2068.38,2068.39,100.6722
2026-04-02 20:59:00,2068.39,2068.4,2068.19,2068.19,15.8699
2026-04-02 21:00:00,2068.2,2070.46,2068.2,2070.46,116.1851
2026-04-02 21:01:00,2070.46,2070.46,2069.29,2069.29,42.8905
2026-04-02 21:02:00,2069.29,2069.29,2068.4,2068.4,20.3043
2026-04-02 21:03:00,2068.4,2068.4,2067.64,2067.64,16.96
2026-04-02 21:04:00,2067.64,2067.65,2064.85,2066.42,563.7691
2026-04-02 21:05:00,2066.43,2066.97,2066.35,2066.53,116.7214
2026-04-02 21:06:00,2066.53,2066.93,2066.24,2066.91,99.8598
2026-04-02 21:07:00,2066.91,2066.91,2065.74,2065.74,83.3293
2026-04-02 21:08:00,2065.74,2065.86,2064.92,2064.93,37.7754
2026-04-02 21:09:00,2064.92,2064.92,2063.84,2063.85,69.0139
2026-04-02 21:10:00,2063.85,2063.9,2061.6,2062.33,358.4332
2026-04-02 21:11:00,2062.33,2062.34,2056.73,2057.47,582.2487
2026-04-02 21:12:00,2057.47,2059.18,2056.11,2058.23,307.0641
2026-04-02 21:13:00,2058.22,2059.04,2057.94,2059.04,268.0209
2026-04-02 21:14:00,2059.04,2059.51,2058.17,2059.51,64.4541
2026-04-02 21:15:00,2059.51,2059.8,2058.93,2059.21,30.1349
2026-04-02 21:16:00,2059.21,2060.62,2059.21,2060.55,66.591
2026-04-02 21:17:00,2060.54,2061.06,2060.41,2061.05,80.1462
2026-04-02 21:18:00,2061.05,2062.19,2060.97,2062.07,45.6691
2026-04-02 21:19:00,2062.07,2062.49,2061.55,2061.84,206.3141
2026-04-02 21:20:00,2061.84,2063.16,2061.84,2062.74,103.5569
2026-04-02 21:21:00,2062.74,2063.5,2062.64,2063.5,91.5457
2026-04-02 21:22:00,2063.49,2063.49,2062.48,2062.49,62.4628
2026-04-02 21:23:00,2062.49,2062.59,2060.79,2060.8,68.2652
2026-04-02 21:24:00,2060.8,2060.88,2058.17,2058.32,190.4294
2026-04-02 21:25:00,2058.32,2059.49,2058.14,2058.14,124.6574
2026-04-02 21:26:00,2058.15,2059.77,2058.14,2059.26,66.5131
2026-04-02 21:27:00,2059.27,2059.83,2059.07,2059.7,54.9266
2026-04-02 21:28:00,2059.71,2060.13,2059.71,2060.1,10.3813
2026-04-02 21:29:00,2060.1,2060.31,2059.47,2059.48,42.3103
2026-04-02 21:30:00,2059.47,2060.45,2059.47,2059.71,62.0945
2026-04-02 21:31:00,2059.71,2060.26,2059.7,2059.72,61.0005
2026-04-02 21:32:00,2059.71,2060.45,2059.71,2060.45,39.2511
2026-04-02 21:33:00,2060.44,2060.8,2060.13,2060.13,137.0694
2026-04-02 21:34:00,2060.12,2060.12,2059.62,2059.62,24.9233
2026-04-02 21:35:00,2059.62,2059.63,2059.25,2059.25,178.0123
2026-04-02 21:36:00,2059.25,2060.8,2059.11,2060.79,105.5372
2026-04-02 21:37:00,2060.8,2062.24,2059.85,2059.85,105.6418
2026-04-02 21:38:00,2059.85,2060.0,2059.44,2059.76,55.7322
2026-04-02 21:39:00,2059.76,2060.46,2059.68,2059.68,59.6325
2026-04-02 21:40:00,2059.67,2059.8,2058.77,2059.79,55.495
2026-04-02 21:41:00,2059.8,2060.04,2058.24,2059.0,79.1022
2026-04-02 21:42:00,2059.01,2059.11,2057.78,2058.17,54.4428
2026-04-02 21:43:00,2058.18,2058.18,2057.23,2057.65,48.0224
2026-04-02 21:44:00,2057.65,2059.04,2057.65,2057.97,72.8433
2026-04-02 21:45:00,2057.98,2058.62,2057.98,2058.61,20.0059
2026-04-02 21:46:00,2058.62,2058.96,2058.24,2058.71,44.4487
2026-04-02 21:47:00,2058.7,2059.48,2058.54,2058.79,41.3766
2026-04-02 21:48:00,2058.79,2059.64,2058.79,2059.64,25.8086
2026-04-02 21:49:00,2059.63,2059.64,2058.08,2058.41,60.8731
2026-04-02 21:50:00,2058.41,2059.72,2058.41,2059.42,27.3822
2026-04-02 21:51:00,2059.41,2059.7,2059.21,2059.7,39.3497
2026-04-02 21:52:00,2059.7,2061.24,2059.69,2061.22,69.9015
2026-04-02 21:53:00,2061.22,2061.67,2060.8,2061.66,32.7123
2026-04-02 21:54:00,2061.66,2062.89,2061.42,2061.42,90.3004
2026-04-02 21:55:00,2061.42,2061.49,2060.88,2061.49,63.6122
2026-04-02 21:56:00,2061.5,2062.88,2061.5,2062.39,62.6037
2026-04-02 21:57:00,2062.39,2063.0,2062.37,2062.74,93.6733
2026-04-02 21:58:00,2062.73,2063.4,2062.31,2063.4,64.1834
2026-04-02 21:59:00,2063.4,2063.41,2062.0,2062.98,329.6787
2026-04-02 22:00:00,2062.99,2062.99,2060.53,2060.89,279.493
2026-04-02 22:01:00,2060.9,2061.99,2060.89,2061.42,112.5976
2026-04-02 22:02:00,2061.42,2062.73,2061.42,2062.02,60.4065
2026-04-02 22:03:00,2062.01,2064.33,2062.01,2063.44,147.904
2026-04-02 22:04:00,2063.45,2064.92,2063.0,2064.75,77.0725
2026-04-02 22:05:00,2064.75,2064.75,2064.11,2064.21,42.6376
2026-04-02 22:06:00,2064.2,2064.94,2063.72,2063.73,82.5504
2026-04-02 22:07:00,2063.72,2063.75,2062.6,2063.17,45.0717
2026-04-02 22:08:00,2063.18,2064.12,2062.23,2063.78,238.6713
2026-04-02 22:09:00,2063.78,2064.33,2063.77,2063.78,89.0913
2026-04-02 22:10:00,2063.77,2063.77,2062.47,2062.55,32.6938
2026-04-02 22:11:00,2062.55,2063.46,2062.55,2063.38,33.66
2026-04-02 22:12:00,2063.38,2063.85,2062.78,2062.78,32.1938
2026-04-02 22:13:00,2062.78,2062.78,2061.67,2061.88,95.8726
2026-04-02 22:14:00,2061.88,2061.95,2061.83,2061.84,34.507
2026-04-02 22:15:00,2061.84,2063.23,2061.84,2062.83,61.4865
2026-04-02 22:16:00,2062.83,2064.13,2062.45,2064.13,270.6392
2026-04-02 22:17:00,2064.13,2064.56,2062.81,2062.82,70.23
2026-04-02 22:18:00,2062.81,2063.32,2062.35,2063.31,42.3458
2026-04-02 22:19:00,2063.31,2063.81,2062.71,2062.81,78.5662
2026-04-02 22:20:00,2062.82,2063.42,2062.1,2062.57,81.3699
2026-04-02 22:21:00,2062.56,2062.56,2061.35,2061.4,62.1137
2026-04-02 22:22:00,2061.41,2061.41,2060.45,2060.45,201.8607
2026-04-02 22:23:00,2060.44,2060.45,2059.69,2059.78,47.4825
2026-04-02 22:24:00,2059.77,2059.78,2058.75,2059.01,53.9566
2026-04-02 22:25:00,2059.01,2059.02,2057.27,2057.65,94.6752
2026-04-02 22:26:00,2057.66,2057.66,2053.54,2056.7,716.717
2026-04-02 22:27:00,2056.71,2057.24,2056.29,2057.24,123.34
2026-04-02 22:28:00,2057.25,2058.18,2056.75,2056.75,115.9197
2026-04-02 22:29:00,2056.76,2057.15,2056.66,2057.15,22.3502
2026-04-02 22:30:00,2057.15,2059.17,2057.15,2059.0,71.3285
2026-04-02 22:31:00,2059.0,2060.25,2058.69,2058.69,96.0216
2026-04-02 22:32:00,2058.7,2059.86,2058.7,2059.32,113.8083
2026-04-02 22:33:00,2059.31,2060.05,2059.31,2059.77,41.2198
2026-04-02 22:34:00,2059.77,2059.78,2058.81,2059.43,73.9246
2026-04-02 22:35:00,2059.44,2059.47,2058.68,2059.46,83.8451
2026-04-02 22:36:00,2059.47,2059.81,2059.45,2059.45,242.2362
2026-04-02 22:37:00,2059.45,2059.46,2058.33,2058.57,27.3073
2026-04-02 22:38:00,2058.57,2059.41,2058.57,2059.4,28.7623
2026-04-02 22:39:00,2059.4,2060.09,2059.04,2060.09,81.9668
2026-04-02 22:40:00,2060.09,2060.5,2059.92,2059.93,99.5919
2026-04-02 22:41:00,2059.92,2060.43,2059.92,2060.43,20.4565
2026-04-02 22:42:00,2060.44,2062.0,2060.44,2061.99,125.5168
2026-04-02 22:43:00,2061.99,2062.14,2061.73,2061.76,37.7193
2026-04-02 22:44:00,2061.75,2061.76,2061.29,2061.29,29.0938
2026-04-02 22:45:00,2061.29,2061.3,2059.78,2059.79,27.3966
2026-04-02 22:46:00,2059.78,2059.78,2058.8,2058.8,24.5694
2026-04-02 22:47:00,2058.81,2058.93,2058.6,2058.75,46.1493
2026-04-02 22:48:00,2058.75,2059.18,2058.75,2059.16,22.9865
2026-04-02 22:49:00,2059.17,2060.38,2059.16,2060.37,34.7185
2026-04-02 22:50:00,2060.38,2060.86,2060.32,2060.33,62.3663
2026-04-02 22:51:00,2060.32,2061.27,2060.19,2061.27,70.0253
2026-04-02 22:52:00,2061.27,2061.28,2060.33,2060.33,47.6154
2026-04-02 22:53:00,2060.34,2060.34,2060.11,2060.12,21.2007
2026-04-02 22:54:00,2060.11,2060.91,2060.11,2060.91,21.3681
2026-04-02 22:55:00,2060.92,2061.45,2060.91,2061.44,35.7883
2026-04-02 22:56:00,2061.45,2061.95,2061.44,2061.7,43.3946
2026-04-02 22:57:00,2061.69,2061.8,2061.34,2061.8,85.5896
2026-04-02 22:58:00,2061.81,2061.81,2061.29,2061.35,65.667
2026-04-02 22:59:00,2061.35,2061.59,2059.59,2060.03,116.2763
2026-04-02 23:00:00,2060.04,2060.97,2058.35,2058.35,423.1404
2026-04-02 23:01:00,2058.36,2059.62,2058.36,2059.05,55.4484
2026-04-02 23:02:00,2059.05,2059.27,2059.05,2059.27,21.4906
2026-04-02 23:03:00,2059.27,2059.64,2058.41,2058.55,81.6256
2026-04-02 23:04:00,2058.56,2060.57,2058.56,2059.95,142.0359
2026-04-02 23:05:00,2059.95,2061.24,2059.93,2061.24,75.8963
2026-04-02 23:06:00,2061.23,2061.56,2060.93,2061.3,56.5397
2026-04-02 23:07:00,2061.3,2061.4,2059.63,2059.63,38.8065
2026-04-02 23:08:00,2059.63,2059.63,2057.56,2057.7,80.7565
2026-04-02 23:09:00,2057.71,2059.0,2057.33,2058.77,78.1643
2026-04-02 23:10:00,2058.77,2059.0,2057.87,2057.88,47.6891
2026-04-02 23:11:00,2057.88,2057.88,2056.7,2056.71,59.3571
2026-04-02 23:12:00,2056.7,2058.42,2056.0,2058.05,135.8692
2026-04-02 23:13:00,2058.06,2058.33,2057.07,2057.72,234.4688
2026-04-02 23:14:00,2057.72,2058.22,2057.4,2057.69,100.7852
2026-04-02 23:15:00,2057.68,2058.41,2057.58,2058.41,51.3227
2026-04-02 23:16:00,2058.42,2059.61,2057.95,2058.0,116.9676
2026-04-02 23:17:00,2058.01,2058.07,2057.12,2057.36,49.6741
2026-04-02 23:18:00,2057.36,2059.03,2057.36,2058.24,129.0451
2026-04-02 23:19:00,2058.25,2058.25,2057.17,2057.84,91.1245
2026-04-02 23:20:00,2057.84,2058.37,2057.77,2058.1,35.695
2026-04-02 23:21:00,2058.09,2059.08,2058.09,2059.07,49.3617
2026-04-02 23:22:00,2059.07,2061.24,2059.07,2060.28,97.1074
2026-04-02 23:23:00,2060.27,2060.92,2059.21,2060.92,93.8465
2026-04-02 23:24:00,2060.92,2061.89,2060.38,2060.39,175.9162
2026-04-02 23:25:00,2060.38,2060.39,2056.23,2056.83,404.0595
2026-04-02 23:26:00,2056.82,2057.55,2056.82,2057.54,45.1185
2026-04-02 23:27:00,2057.55,2057.55,2056.56,2057.0,37.6355
2026-04-02 23:28:00,2057.01,2057.13,2055.84,2055.95,166.2887
2026-04-02 23:29:00,2055.95,2055.95,2054.75,2055.25,80.3911
2026-04-02 23:30:00,2055.25,2056.05,2054.67,2054.67,122.0938
2026-04-02 23:31:00,2054.67,2055.95,2054.0,2054.0,213.3088
2026-04-02 23:32:00,2054.01,2055.94,2054.0,2055.09,125.8242
2026-04-02 23:33:00,2055.08,2055.51,2054.77,2055.02,154.8535
2026-04-02 23:34:00,2055.02,2056.93,2054.94,2056.56,128.7862
2026-04-02 23:35:00,2056.55,2056.56,2055.46,2055.46,49.0489
2026-04-02 23:36:00,2055.45,2055.52,2054.81,2055.13,81.3297
2026-04-02 23:37:00,2055.13,2055.13,2054.64,2055.07,34.694
2026-04-02 23:38:00,2055.08,2055.22,2055.07,2055.22,20.1813
2026-04-02 23:39:00,2055.22,2055.94,2055.21,2055.93,74.0258
2026-04-02 23:40:00,2055.93,2056.42,2055.68,2055.82,60.0195
2026-04-02 23:41:00,2055.82,2056.66,2055.82,2056.65,22.7175
2026-04-02 23:42:00,2056.65,2056.83,2056.34,2056.34,89.2419
2026-04-02 23:43:00,2056.34,2056.49,2056.34,2056.38,25.873
2026-04-02 23:44:00,2056.38,2056.39,2055.15,2055.43,27.6419
2026-04-02 23:45:00,2055.43,2055.43,2054.88,2054.93,41.2661
2026-04-02 23:46:00,2054.93,2054.93,2054.35,2054.83,32.0991
2026-04-02 23:47:00,2054.83,2055.33,2054.83,2055.33,28.951
2026-04-02 23:48:00,2055.32,2056.15,2055.32,2056.13,27.9108
2026-04-02 23:49:00,2056.13,2056.27,2055.96,2056.04,45.5561
2026-04-02 23:50:00,2056.04,2056.2,2055.75,2056.17,22.8319
2026-04-02 23:51:00,2056.17,2056.25,2055.5,2056.25,50.7629
2026-04-02 23:52:00,2056.26,2056.68,2056.26,2056.53,24.9876
2026-04-02 23:53:00,2056.54,2056.82,2056.53,2056.67,114.8529
2026-04-02 23:54:00,2056.67,2056.74,2056.38,2056.74,18.1887
2026-04-02 23:55:00,2056.75,2057.31,2056.74,2057.31,28.204
2026-04-02 23:56:00,2057.3,2057.66,2057.3,2057.65,14.3817
2026-04-02 23:57:00,2057.65,2057.66,2057.15,2057.16,48.1491
2026-04-02 23:58:00,2057.17,2057.43,2056.8,2056.94,33.1748
2026-04-02 23:59:00,2056.93,2057.27,2056.93,2057.17,22.9961
2026-04-03 00:00:00,2057.18,2058.07,2056.74,2056.74,222.238
